rank,id,name,category,klass,evidenceType,evi,hum,imp,safe,overall,tier,mechanism,evidence,effect,human,safety,dose,status,accessibility,caveats,hallmarks,keyStudies,sources
1,smoking-cessation,Smoking Cessation,lifestyle,Removing a major mortality risk,human-cohort,82,92,85,95,88,S,"Eliminates exposure to oxidants/carcinogens that accelerate genomic instability, vascular damage and senescence","The benchmark high-effect-size intervention: quitting before ~40 restores life expectancy nearly to never-smokers (~10 years gained quitting at 25-34), with mortality risk halving within ~10-15 years. Evidence is overwhelming, consistent and near-causal.","Quitting by mid-40s regains ~6-9 yrs life expectancy (quit at 35-44 ~9 yr, 45-54 ~6 yr; life-table estimates, no CI); continuing smokers' all-cause mortality HR ~2.8-3.0 vs never-smokers (99% CI 2.4-3.3) — Jha NEJM 2013, n=202,248",Overwhelming consistent cohort evidence with clear age gradient,Only upside; transient withdrawal; cessation aids generally safe,Complete permanent cessation (+ support/NRT/varenicline),Highest-priority guideline,lifestyle,"Observational by necessity, but causal inference robust; benefit depends on age at quitting",Genomic instability; Chronic inflammation; Cellular senescence; Telomere attrition,"Jha et al., NEJM 2013 — Quitting at 25-34/35-44/45-54 gains ~10/9/6 years [https://doi.org/10.1056/NEJMsa1211128]",https://doi.org/10.1056/NEJMsa1211128
2,aerobic-exercise,Aerobic / Endurance Exercise,exercise,Physical activity,human-cohort,80,92,80,92,86,S,"Improves mitochondrial biogenesis, endothelial function, insulin sensitivity and cardiac output","Among the strongest and most consistent evidence in all of longevity: pooled cohorts (>660,000) show meeting the ~150 min/wk guideline yields ~31% lower all-cause mortality, with most benefit from the first increments, supported by RCTs on fitness/CV surrogates.","All-cause mortality HR 0.69 (95% CI 0.67-0.70) at ~150 min/wk; plateau HR 0.61 (95% CI 0.59-0.62) at 3-5x minimum, no harm at >=10x — Arem JAMA Intern Med 2015, n=661,137",Large consistent cohorts + RCTs on surrogates,Very safe; rare acute cardiac events in high-risk unscreened individuals,150-300 min/wk moderate or 75-150 vigorous,Established guideline,lifestyle,"Mortality evidence observational, but triangulated with RCT surrogate data",Mitochondrial dysfunction; Chronic inflammation; Deregulated nutrient sensing; Cellular senescence,"Arem et al., JAMA IM 2015 (n=661,137) — Guideline activity HR 0.69; up to ~39% reduction at higher doses [https://doi.org/10.1001/jamainternmed.2015.0533]",https://doi.org/10.1001/jamainternmed.2015.0533
3,cardiorespiratory-fitness-vo2max,Cardiorespiratory Fitness / VO2max,exercise,Trainable aerobic capacity,human-cohort,78,90,82,90,85,S,VO2max integrates cardiac output and mitochondrial oxidative capacity — a measure of whole-body metabolic resilience,"One of the strongest single predictors of mortality: in 122,007 treadmill-tested adults, higher fitness tracked with markedly lower mortality with NO upper ceiling — elite vs low fitness ~5x lower mortality, a larger adjusted effect than smoking or diabetes. Partly trainable via aerobic base + intervals.","All-cause mortality HR 0.20 (95% CI 0.16-0.24), ~80% lower, elite vs low fitness; low fitness risk exceeds smoking/diabetes — Mandsager JAMA Netw Open 2018, n=122,007",Very large cohort with objectively measured fitness,Achieving via exercise is very safe,Aerobic base (Zone 2) + higher-intensity intervals,Prognostic marker / training target,lifestyle,"Observational; CRF is partly genetic, so raising it may not yield the full association-sized benefit",Mitochondrial dysfunction; Altered intercellular communication; Chronic inflammation,"Mandsager et al., JAMA Netw Open 2018 (n=122,007) — Elite vs low fitness ~5x lower mortality; no upper limit [https://doi.org/10.1001/jamanetworkopen.2018.3605]",https://doi.org/10.1001/jamanetworkopen.2018.3605
4,mediterranean-diet,Mediterranean Diet,diet,Whole-dietary pattern,human-rct-hard,86,88,60,95,83,S,"High MUFA, polyphenols, fiber and omega-3s reduce inflammation/oxidative stress and improve lipids and the microbiome","PREDIMED, a primary-prevention RCT in ~7,447 high-risk adults, found a MedDiet (+olive oil or nuts) cut major cardiovascular events ~30% vs control; large cohorts consistently link adherence to lower mortality. Among the strongest hard-outcome dietary evidence in longevity.","Major CV events HR 0.69 (95% CI 0.53-0.91) with EVOO and HR 0.72 (95% CI 0.54-0.95) with nuts vs control — PREDIMED (Estruch NEJM 2018, republished), n=7,447",Primary-prevention RCT with hard CV endpoints + extensive cohorts,Very safe; nutrient-dense,High EVOO + nuts + vegetables/legumes/fish; low red/processed meat,Established guideline,lifestyle,PREDIMED was retracted/republished over randomization issues (results unchanged); all-cause mortality reduction not individually significant,Chronic inflammation; Altered intercellular communication; Dysbiosis; Mitochondrial dysfunction,"Estruch et al., NEJM 2018 (PREDIMED) — ~30% lower major CV events (HR 0.69-0.72) [https://www.nejm.org/doi/full/10.1056/NEJMoa1800389]",https://www.nejm.org/doi/full/10.1056/NEJMoa1800389
5,resistance-training,Resistance / Strength Training,exercise,Physical activity,human-cohort,75,88,72,90,81,S,"Mechanical loading drives muscle protein synthesis, countering sarcopenia and improving glucose/bone/myokines","Muscle-strengthening ~2x/wk is associated with ~10-21% lower all-cause mortality (J-shaped, peak ~30-60 min/wk), and combining with aerobic exercise gives ~40% lower mortality. RCTs robustly show strength/function gains and sarcopenia treatment.",All-cause mortality RR 0.85 (95% CI 0.79-0.93) for muscle-strengthening alone; RR 0.60 (95% CI 0.54-0.67) combined with aerobic — Momma BJSM 2022,Cohort mortality data + strong RCT evidence for strength/function,Very safe with proper form; valsalva BP spikes in uncontrolled hypertension,">=2 sessions/wk, all major muscle groups",Established guideline,lifestyle,Mortality evidence observational; muscle-mass gains modest in oldest-old; best added to aerobic,Stem cell exhaustion; Loss of proteostasis; Deregulated nutrient sensing; Mitochondrial dysfunction,"Momma et al., BJSM 2022 — ~30-60 min/wk: 10-20% lower mortality [https://pubmed.ncbi.nlm.nih.gov/35228201/] | Saeidifard 2019 — RT+aerobic HR 0.60 all-cause mortality [https://doi.org/10.1177/2047487319850718]",https://pubmed.ncbi.nlm.nih.gov/35228201/ | https://doi.org/10.1177/2047487319850718
6,sleep-optimization,Sleep Optimization,lifestyle,Behavioral/circadian,human-cohort,74,88,60,95,79,S,"Adequate sleep enables glymphatic clearance, metabolic/immune regulation and restrains inflammation","Large meta-analyses show a U-shaped sleep-mortality curve with a nadir ~7 hours; healthy-sleep scores predict multi-year life-expectancy gains. Consistent and mechanistically grounded, but observational (long sleep is heavily confounded by illness).","U-shaped all-cause mortality: RR 1.06/h (95% CI 1.04-1.07) for short sleep and RR 1.13/h (95% CI 1.11-1.15) for long sleep, nadir ~7h — Yin et al. JAHA 2017 dose-response meta-analysis",Large consistent cohorts; RCTs only on surrogate markers,No downside to healthy sleep (sedatives carry own risks),"7-9 h/night, regular schedule; treat apnea/insomnia",Established guideline,lifestyle,Long-sleep risk largely reverse causation; causal benefit of extending short sleep unproven by RCT,Chronic inflammation; Altered intercellular communication; Loss of proteostasis,"Yin et al., JAHA 2017 — U-shaped; short and long sleep raise mortality vs 7h [https://www.ahajournals.org/doi/10.1161/JAHA.117.005947]",https://www.ahajournals.org/doi/10.1161/JAHA.117.005947
7,empagliflozin-dapagliflozin,Empagliflozin / Dapagliflozin,pharma,SGLT2 inhibitors,human-rct-hard,86,82,55,75,76,A,"Glucosuria, natriuresis and mild ketosis reduce cardiac/renal stress beyond glucose lowering","Among the strongest HUMAN hard-outcome evidence in the field: large RCTs cut cardiovascular death, all-cause mortality and kidney-disease progression, including in non-diabetics. But trials enrolled people with established disease, not healthy aging.","All-cause mortality HR 0.68 (95% CI 0.57-0.82) empagliflozin in T2D+CVD (EMPA-REG, n=7,020); HR 0.69 (95% CI 0.53-0.88) dapagliflozin in CKD (DAPA-CKD, n=4,304)","Multiple positive hard-outcome RCTs, some incl. non-diabetics","Genital/urinary infections, volume depletion, rare euglycemic DKA; no amputation signal",Empagliflozin 10-25 mg/d; dapagliflozin 10 mg/d,FDA-approved (diabetes/HF/CKD),rx,Mortality benefit shown only in diseased populations; untested for lifespan extension in healthy people,Deregulated nutrient sensing; Chronic inflammation; Mitochondrial dysfunction,"EMPA-REG, NEJM 2015 — All-cause mortality HR 0.68; CV death HR 0.62 in diabetics with CVD [https://doi.org/10.1056/NEJMoa1504720] | DAPA-CKD, NEJM 2020 — All-cause mortality HR 0.69 in CKD +/- diabetes [https://doi.org/10.1056/NEJMoa2024816]",https://doi.org/10.1056/NEJMoa1504720 | https://doi.org/10.1056/NEJMoa2024816
8,omega-3-epa-dha,Omega-3 Fatty Acids (EPA/DHA),supplement,Essential fatty acids,human-rct-hard,80,82,48,90,76,A,Anti-inflammatory eicosanoids/resolvins; membrane and lipid effects,"Among the strongest longevity-relevant supplement evidence: in DO-HEALTH, 1 g/d slowed several epigenetic aging clocks and reduced infections/falls, and combined with vitamin D + exercise cut invasive cancer. CV outcomes are mixed (generic fish oil failed VITAL/ASCEND; Rx high-dose EPA cut MACE in REDUCE-IT).","Epigenetic-clock slowing ~3-4 mo/3yr (GrimAge2 d -0.32, 95% CI -0.59 to -0.06) in DO-HEALTH (n=777); CV benefit only with Rx EPA — MACE HR 0.75 (95% CI 0.68-0.83), REDUCE-IT 2019","Multiple large RCTs; positive on aging biomarkers, mixed on CV",Very safe; mild GI; modest AFib/bleeding signal at high dose,~1-2 g/day EPA+DHA,OTC; Rx icosapent ethyl,otc,Generic fish oil failed CV hard-outcome trials; clock benefit not yet proven to extend lifespan,Chronic inflammation; Altered intercellular communication,"DO-HEALTH, Nature Aging 2025 — 1 g/d slowed PhenoAge/GrimAge2/DunedinPACE clocks [https://www.nature.com/articles/s43587-024-00793-y] | DO-HEALTH, JAMA 2020 (n=2,157) — Omega-3 cut infections ~11% and falls ~10%; no benefit on primary bone/memory/muscle endpoints [https://pubmed.ncbi.nlm.nih.gov/33170239/] | DO-HEALTH, Frontiers in Aging 2022 — 3-way combo cut invasive cancer 61% (HR 0.39) [https://doi.org/10.3389/fragi.2022.852643]",https://www.nature.com/articles/s43587-024-00793-y | https://pubmed.ncbi.nlm.nih.gov/33170239/ | https://doi.org/10.3389/fragi.2022.852643
9,daily-steps-walking,Daily Steps / Walking,exercise,Low-intensity activity (volume),human-cohort,72,82,55,95,76,A,"Accumulated low-intensity movement improves vascular function, glucose handling and reduces sedentary time","A device-measured meta-analysis (~47,000) found mortality declines with more steps, plateauing ~6,000-8,000/day for older adults — debunking the arbitrary 10,000 target. Each +1,000 steps/day ~15% lower mortality. Observational but device-measured.","All-cause mortality HR 0.47 (95% CI 0.39-0.57), ~53% lower, highest vs lowest step quartile; optimum plateaus ~6,000-8,000/day (>=60y), ~8,000-10,000/day (<60y) — Paluch Lancet Public Health 2022",Strong device-measured cohort data; no RCT (impractical),Extremely safe,"~7,000-8,000+ steps/day (benefit begins below)",Public-health target,lifestyle,Observational; reverse causation (frail people walk less) likely inflates low-step risk,Chronic inflammation; Deregulated nutrient sensing; Mitochondrial dysfunction,"Paluch et al., Lancet PH 2022 — Mortality plateaus ~6,000-8,000 steps/day (>=60 yr) [https://doi.org/10.1016/S2468-2667(21)00302-9]",https://doi.org/10.1016/S2468-2667(21)00302-9
10,alcohol-moderation,Alcohol Moderation / Abstention,lifestyle,Reducing a modifiable toxin,human-cohort,76,82,50,92,75,A,"Ethanol/acetaldehyde are carcinogens promoting DNA damage, hepatic injury and inflammation; reducing intake lowers this burden","The 2023 Zhao/Naimi meta-analysis (107 cohorts, ~4.8M) overturned the old 'J-curve': after correcting for abstainer-bias, low-moderate drinking showed no mortality benefit, with clear harm above ~25 g/d (women)/45 g/d (men). Mendelian randomization supports monotonic harm. Consensus: no safe level for cancer.","No mortality benefit at low intake — RR 0.93 (95% CI 0.85-1.01, NS) for 1.3-24 g/d vs lifetime nondrinkers; harm >=25 g/d women (RR 1.21, 95% CI 1.08-1.36) and >=45 g/d men (RR 1.15, 95% CI 1.03-1.28) — Zhao/Naimi JAMA Netw Open 2023, n=4.8M",Bias-corrected meta-analysis + Mendelian randomization converge against the J-curve,Alcohol is a Group 1 carcinogen; harms rise with dose; dependence risk,Lowest risk is zero,Guidelines revised toward 'less is better',lifestyle,Prior 'protective' findings reflected abstainer bias; residual debate on CV-specific endpoints only,Genomic instability; Chronic inflammation; Mitochondrial dysfunction,"Zhao/Naimi, JAMA Netw Open 2023 — No mortality benefit at low/moderate intake; harm at higher [https://doi.org/10.1001/jamanetworkopen.2023.6185]",https://doi.org/10.1001/jamanetworkopen.2023.6185
11,vitamin-d3,Vitamin D3,supplement,Secosteroid / fat-soluble vitamin,human-rct-hard,80,82,42,88,74,A,"VDR-mediated gene regulation; calcium, immune and possible telomere/inflammation effects","Large RCTs (VITAL, ASCEND) show 2000 IU/d does not reduce total cancer, CV events or all-cause mortality in mostly-replete people. Meta-analyses show a modest ~12% reduction in cancer MORTALITY and lower autoimmune disease. Benefit concentrated in the deficient.","Total cancer mortality RR 0.87 (95% CI 0.79-0.96), ~13% lower (daily dosing); no effect on cancer incidence (RR 0.98, 95% CI 0.93-1.03); negligible CV/all-cause in replete people — Keum Ann Oncol 2019",Definitive RCTs: neutral for most hard endpoints except modest cancer-mortality signal,Safe at <=4000 IU/d; high bolus dosing raises fall/fracture risk,1000-2000 IU/day; correct deficiency,Ubiquitous OTC vitamin,otc,Benefit largely limited to deficient people; routine high-dose in replete adults shows no mortality benefit,Chronic inflammation; Altered intercellular communication; Telomere attrition,"VITAL, NEJM 2019 (n=25,871) — No reduction in cancer incidence or major CV events [https://pubmed.ncbi.nlm.nih.gov/30415629/] | Keum et al. meta-analysis — Daily vitamin D cut cancer mortality ~12-13% [https://pubmed.ncbi.nlm.nih.gov/30796437/]",https://pubmed.ncbi.nlm.nih.gov/30415629/ | https://pubmed.ncbi.nlm.nih.gov/30796437/
12,hiit,High-Intensity Interval Training,exercise,Interval exercise,human-rct-hard,70,78,65,82,74,A,"Brief near-maximal efforts maximally stress cardiac output and mitochondria, producing potent VO2max gains per unit time","The Generation 100 RCT (n=1,567, age 70-77, 5 yr) found overall mortality did not differ significantly, but the HIIT subgroup had the lowest (non-significant) mortality and best VO2max/quality-of-life gains. HIIT reliably outperforms moderate training for raising VO2max.",Non-significant mortality reduction; superior VO2max gains,One large RCT (underpowered for mortality) + many fitness RCTs,Safe in older adults under guidance; higher acute risk than moderate exercise,"e.g. 4x4 min at 85-95% max HR, ~2x/wk",Established for fitness; mortality suggestive,lifestyle,Flagship RCT underpowered for mortality with an active control; clearest benefit is VO2max,Mitochondrial dysfunction; Deregulated nutrient sensing; Chronic inflammation,"Stensvold et al., BMJ 2020 (Gen100) — HIIT subgroup ~3% vs ~4.7-6% control mortality (NS); best fitness gains [https://pubmed.ncbi.nlm.nih.gov/33028588/]",https://pubmed.ncbi.nlm.nih.gov/33028588/
13,social-connection,Social Connection,lifestyle,Psychosocial determinant,human-cohort,66,78,60,95,74,A,"Strong social ties buffer chronic stress, lower inflammatory/neuroendocrine load and promote healthy behaviors","Holt-Lunstad's meta-analyses found strong social relationships associated with ~50% greater survival odds, with isolation/loneliness raising mortality ~26-32% — effect sizes rivaling smoking. Observational; intervention trials aren't powered for mortality.","Stronger social ties: OR 1.50 (95% CI 1.42-1.59) for survival, rising to OR 1.91 (95% CI 1.63-2.23) for complex social integration — Holt-Lunstad PLoS Med 2010 (148 studies, n=308,849)",Large meta-analytic cohort data; no mortality-powered RCT,No risk,Regular meaningful relationships and community engagement,Established risk factor (Surgeon General advisory),lifestyle,Observational; reverse causation/confounding; causal mortality reduction not shown by RCT,Chronic inflammation; Altered intercellular communication,"Holt-Lunstad et al., PLOS Med 2010 (148 studies) — Strong ties ~50% higher survival odds (OR 1.50) [https://journals.plos.org/plosmedicine/article?id=10.1371/journal.pmed.1000316] | Holt-Lunstad et al., Perspect Psychol Sci 2015 — Isolation OR 1.29, loneliness 1.26, living alone 1.32 (~26-32% higher mortality) [https://doi.org/10.1177/1745691614568352]",https://journals.plos.org/plosmedicine/article?id=10.1371/journal.pmed.1000316 | https://doi.org/10.1177/1745691614568352
14,statins,Statins,pharma,HMG-CoA reductase inhibitors,human-rct-hard,86,80,45,75,73,A,Lower LDL cholesterol; pleiotropic anti-inflammatory/endothelial effects,"Backed by very large RCTs and CTT meta-analyses with hard endpoints: ~10% lower all-cause mortality per 1 mmol/L LDL drop, mainly in secondary prevention. Benefit in low-risk primary prevention and the very elderly is smaller. Targets cardiovascular disease, not aging per se.","All-cause mortality RR 0.90 (95% CI 0.87-0.93) and major vascular events RR 0.78 (95% CI 0.76-0.80) per 1 mmol/L LDL-C reduction — CTT Lancet 2010 (26 trials, n~170,000)",Strong for CV mortality; modest/uncertain in low-risk primary prevention,"Generally safe; myalgia, rare myopathy, small diabetes risk",Disease-based dosing,FDA-approved (dyslipidaemia/CV prevention),rx,Targets atherosclerosis not aging broadly; benefit risk-dependent; not a validated geroprotector,Chronic inflammation; Altered intercellular communication,"CTT, Lancet 2010 (>170k) — ~10% lower all-cause mortality per 1 mmol/L LDL reduction [https://doi.org/10.1016/S0140-6736(10)61350-5] | JUPITER, NEJM 2008 — Rosuvastatin cut all-cause mortality HR 0.80 in high-CRP adults [https://doi.org/10.1056/NEJMoa0807646]",https://doi.org/10.1016/S0140-6736(10)61350-5 | https://doi.org/10.1056/NEJMoa0807646
15,semaglutide,Semaglutide,pharma,GLP-1 receptor agonist,human-rct-hard,84,80,55,68,73,A,"Activates GLP-1 receptors to reduce appetite/weight, improve glucose control and lower inflammation",Genuine large-RCT hard outcomes: SELECT cut major cardiovascular events 20% in non-diabetic adults with obesity and prior CVD — the first proof that treating obesity pharmacologically improves CV outcomes. Untested for lifespan; concerns include muscle-mass loss and weight regain on stopping.,"MACE HR 0.80 (95% CI 0.72-0.90), 20% lower, in non-diabetic obesity; mean weight -9.4% vs -0.9% placebo — SELECT (Lincoff NEJM 2023), n=17,604",Strong CV hard-outcome RCT; no aging-endpoint trial,"GI effects, pancreatitis/gallbladder risk, lean-mass loss, weight regain after stopping; rodent thyroid signal",2.4 mg SC weekly (obesity),FDA-approved (diabetes/obesity/CV),rx,No aging-specific evidence; muscle loss; dependence on continued use,Deregulated nutrient sensing; Chronic inflammation; Altered intercellular communication,"SELECT, NEJM 2023 (n=17,604) — MACE HR 0.80 in non-diabetic obesity; ~9% weight loss [https://doi.org/10.1056/NEJMoa2307563]",https://doi.org/10.1056/NEJMoa2307563
16,rapamycin,Rapamycin,pharma,mTOR inhibitor,animal-itp,88,52,86,60,72,A,"Inhibits mTORC1, mimicking caloric restriction and inducing autophagy","The most reproducible pharmacological lifespan extender in animals and the standout of the NIA Interventions Testing Program, working even when started late in life. Human trials (PEARL, RTB101) show safety and immune/biomarker effects but no lifespan data.","+10-26% median lifespan (mice, dose-dependent)",Phase-2 safety/biomarker RCTs; widely used off-label; no lifespan RCT,"Generally safe at low intermittent doses; immunosuppression, mouth sores, glucose/lipid effects at higher doses",~5-6 mg once weekly (off-label longevity protocols),FDA-approved (transplant); off-label for longevity,rx,No human lifespan RCT; optimal dose/schedule unresolved — most-hyped longevity drug yet thin human proof,Deregulated nutrient sensing; Disabled macroautophagy; Cellular senescence; Loss of proteostasis,"Harrison et al., Nature 2009 (ITP) — First drug to extend mouse lifespan started in old age; +9% male/+14% female at age of 90% mortality [https://doi.org/10.1038/nature08221] | Miller et al., Aging Cell 2014 (ITP) — Dose-dependent median lifespan +23% male/+26% female at 42 ppm [https://doi.org/10.1111/acel.12194] | PEARL RCT 2024 (n=114) — Low-dose weekly rapamycin safe over 48 weeks; lean-mass/pain gains in women [https://www.medrxiv.org/content/10.1101/2024.08.21.24312372v1]",https://doi.org/10.1038/nature08221 | https://doi.org/10.1111/acel.12194 | https://www.medrxiv.org/content/10.1101/2024.08.21.24312372v1
17,caloric-restriction,Caloric Restriction,diet,Sustained energy restriction,human-rct-surrogate,74,70,76,64,71,A,"Lowers nutrient-sensing (insulin/IGF-1, mTOR), induces autophagy and stress resistance","The most-studied lifespan intervention in animals. In humans, the CALERIE-2 RCT (~12% restriction, 2 yr) slowed the DunedinPACE pace-of-aging clock, reduced cardiometabolic risk and regenerated thymic volume — but on surrogate endpoints, with low adherence to deep restriction.",Large in animals; modest biological-age slowing in humans,Landmark RCT (surrogate) + primate studies,"Risk of muscle/bone loss, hunger, cold intolerance, disordered eating if overdone",~12-15% sustained reduction with adequate protein/micronutrients,Lifestyle / investigational,lifestyle,Hard-outcome human benefit unproven; sustained deep restriction has low adherence,Deregulated nutrient sensing; Chronic inflammation; Disabled macroautophagy; Stem cell exhaustion; Epigenetic alterations,"Waziry et al., Nat Aging 2023 (CALERIE-2) — Slowed DunedinPACE ~2-3% over 2 years [https://doi.org/10.1038/s43587-022-00357-y] | Spadaro/Dixit, Science 2022 — Increased thymic functional volume [https://doi.org/10.1126/science.abg7292]",https://doi.org/10.1038/s43587-022-00357-y | https://doi.org/10.1126/science.abg7292
18,nut-consumption,Nut Consumption,diet,"Whole food (unsaturated fat, fiber, polyphenols)",human-rct-hard,68,70,55,93,71,A,"Unsaturated fats, fiber, plant protein, magnesium and polyphenols lower LDL, improve endothelial function/insulin sensitivity and reduce inflammation","Large cohorts (Bao 2013 ~119k; Aune 2016 meta ~819k) show ~20% lower all-cause mortality with regular intake, and PREDIMED randomized high-CV-risk adults to a Mediterranean diet plus mixed nuts with a hard CV-event reduction. Limitation: mortality data are observational, and the RCT tests a whole pattern (with added nuts), not nuts in isolation.","~20-22% lower all-cause mortality (HR 0.80, 95% CI 0.73-0.86); RCT CV events HR 0.72 (0.54-0.97)",Strong cohort mortality data plus an RCT with hard cardiovascular endpoints,Very safe; calorie-dense but no net weight gain at typical portions; tree-nut/peanut allergy is the one contraindication,~28 g/day (a small handful),Endorsed by dietary guidelines; component of the Mediterranean pattern,otc,Mortality figures observational; the hard-endpoint RCT (PREDIMED) tests a whole pattern not nuts alone (and was retracted/re-analyzed 2018),Chronic inflammation; Deregulated nutrient sensing; Mitochondrial dysfunction,"Bao et al., NEJM 2013 (NHS+HPFS, n=118,962) — Nuts 7+/wk vs never: total mortality HR 0.80 (95% CI 0.73-0.86) [https://pubmed.ncbi.nlm.nih.gov/24256379/] | Aune et al., BMC Medicine 2016 (20 studies, n=819,448) — Per 28 g/day: all-cause mortality RR 0.78 (95% CI 0.72-0.84) [https://pmc.ncbi.nlm.nih.gov/articles/PMC5137221/]",https://pubmed.ncbi.nlm.nih.gov/24256379/ | https://pmc.ncbi.nlm.nih.gov/articles/PMC5137221/
19,dietary-fiber,Dietary Fiber,diet,Fermentable/viscous carbohydrate (microbiome substrate),human-cohort,66,66,58,93,70,A,"Fermentable fiber feeds gut microbiota producing anti-inflammatory short-chain fatty acids (butyrate); viscous fiber slows glucose absorption, binds bile acids to lower LDL, and increases satiety",The WHO-commissioned Reynolds (Lancet 2019) synthesis pooled ~135 million person-years across 185 prospective studies plus 58 RCTs and found the highest fiber consumers had 15-30% lower all-cause and CV mortality with a near-linear dose-response judged potentially causal (GRADE moderate). Mortality outcomes are predominantly observational; the included RCTs measured intermediate cardiometabolic markers.,~15-30% lower all-cause mortality (highest vs lowest intake); large cohorts converge near RR 0.78,"Strong, consistent observational mortality evidence; RCTs support only intermediate markers",Very safe; GI tolerance the main issue if increased too fast (escalate gradually with fluids),"~25-29 g/day or more (most adults get only ~15-20 g) from whole grains, legumes, vegetables, fruit",Core dietary-guideline recommendation,lifestyle,Mortality evidence mostly observational with likely healthy-user confounding; RCT support limited to cardiometabolic surrogates,Dysbiosis; Chronic inflammation; Deregulated nutrient sensing,"Reynolds et al., Lancet 2019 (WHO meta-analysis) — Highest vs lowest fiber: 15-30% lower all-cause + CV mortality; ~13 fewer deaths/1,000 [https://pubmed.ncbi.nlm.nih.gov/30638909/] | Park et al. (NIH-AARP, n=388,122), Arch Intern Med 2011 — Highest vs lowest quintile all-cause mortality RR ~0.78 (95% CI 0.73-0.82) [https://pmc.ncbi.nlm.nih.gov/articles/PMC3513325/]",https://pubmed.ncbi.nlm.nih.gov/30638909/ | https://pmc.ncbi.nlm.nih.gov/articles/PMC3513325/
20,creatine,Creatine,supplement,Phosphagen substrate,human-rct-surrogate,70,72,45,90,69,A,"Replenishes phosphocreatine/ATP in muscle and brain, supporting energy availability",Among the best-evidenced supplements for the aging musculoskeletal system: meta-analyses show creatine PLUS resistance training increases strength and lean mass in older adults more than training alone — relevant to sarcopenia. Cognitive benefits are plausible but unsettled.,Meaningful added strength/lean-mass with training; cognition uncertain,Robust RCT/meta-analytic evidence for muscle (with training),"Very safe, extensively studied; mild water-weight gain; no kidney harm in healthy people",3-5 g/day,OTC supplement,otc,Muscle benefit largely requires concurrent resistance training; not a standalone longevity drug,Mitochondrial dysfunction; Stem cell exhaustion; Loss of proteostasis,"Meta-analyses, creatine + RT in older adults — Greater strength/lean-mass gains vs training + placebo [https://doi.org/10.1186/s11556-025-00392-9]",https://doi.org/10.1186/s11556-025-00392-9
21,polypill,Cardiovascular Polypill,pharma,Fixed-dose combination (statin + antihypertensives +/- aspirin),human-rct-hard,80,66,55,72,69,A,"One daily tablet lowers LDL and blood pressure (plus antiplatelet if aspirin included), maximizing long-term adherence","Large randomized trials with hard CV endpoints converge on ~30% fewer major cardiovascular events: TIPS-3 (n=5,713, placebo-controlled primary prevention) and PolyIran (50,045, pragmatic cluster-RCT), pooled RR 0.71. Its innovation is adherence/simplicity, not a novel mechanism, and all-cause mortality was not individually significant.","~21-34% fewer major CV events (pooled RR 0.71, 95% CI 0.63-0.80); all-cause mortality not individually significant",Strong hard-outcome RCT evidence for CV-event reduction in primary prevention,Well tolerated; modest excess dizziness/hypotension; aspirin versions carry bleeding risk,One daily fixed-dose tablet (statin + 2-3 antihypertensives +/- low-dose aspirin),Marketed in several countries; on the WHO Essential Medicines List,rx,"Proven on CV events not all-cause mortality; an adherence/packaging strategy over drug classes already listed separately (statins, ACEi/ARBs)",Chronic inflammation; Altered intercellular communication,"Yusuf et al. (TIPS-3), NEJM 2021 — Primary CV composite HR 0.79 (95% CI 0.63-1.00); polypill+aspirin HR 0.69 (0.50-0.97) [https://pubmed.ncbi.nlm.nih.gov/33186492/] | Roshandel et al. (PolyIran), Lancet 2019 — Major CV events HR 0.66 (95% CI 0.55-0.80); high-adherence HR 0.43 (0.33-0.55) [https://pubmed.ncbi.nlm.nih.gov/31448738/]",https://pubmed.ncbi.nlm.nih.gov/33186492/ | https://pubmed.ncbi.nlm.nih.gov/31448738/
22,hearing-aids,Hearing Aid Use,lifestyle,Sensory-restoration device (dementia-risk modification),human-rct-hard,70,60,55,95,69,A,"Restoring auditory input reduces effortful-listening cognitive load, reverses sensory deprivation, sustains social engagement and slows temporal-lobe atrophy","The ACHIEVE RCT (Lancet 2023, n=977) found a hearing intervention did NOT slow 3-year global cognitive decline overall, but in the prespecified higher-risk ARIC subgroup it slowed decline ~48%. This sits atop the Lancet Commission ranking hearing loss as the largest modifiable midlife dementia risk factor and a 31-study observational meta-analysis (HR 0.81). The primary RCT endpoint was null overall, so the benefit is a subgroup/observational signal.",High-risk RCT subgroup ~48% slower 3-yr cognitive decline; pooled observational HR 0.81 (0.76-0.87),"Mixed RCT (null primary, strong high-risk subgroup) + consistent observational cognition data",Essentially no risk; non-invasive; worst case minor discomfort/feedback/cost,"Daily wear of fitted hearing aids for adults with hearing loss; benefit greatest with earlier, consistent use",OTC hearing aids available without prescription in the US since Oct 2022,otc,The flagship RCT's primary endpoint was null in the full cohort — the 48% benefit is a high-risk subgroup finding; most supporting data are observational,Altered intercellular communication; Chronic inflammation,"Lin et al. (ACHIEVE), Lancet 2023 — 3-yr cognition: full cohort null; high-risk ARIC subgroup ~48% slower decline (diff 0.191, 95% CI 0.022-0.360) [https://pubmed.ncbi.nlm.nih.gov/37478886/] | Yeo et al. meta-analysis (31 studies, n=137,484), JAMA Neurol 2023 — Hearing-device use: cognitive decline HR 0.81 (95% CI 0.76-0.87) [https://jamanetwork.com/journals/jamaneurology/fullarticle/2799139]",https://pubmed.ncbi.nlm.nih.gov/37478886/ | https://jamanetwork.com/journals/jamaneurology/fullarticle/2799139
23,coq10-ubiquinol,CoQ10 / Ubiquinol,supplement,Mitochondrial electron carrier,human-rct-hard,70,68,48,88,68,A,Electron-transport-chain cofactor and lipid-phase antioxidant,"Standout is KiSel-10: CoQ10 200 mg + selenium for 4 years roughly halved cardiovascular mortality in elderly Swedes, persisting at 12-year follow-up. Combined with selenium (confound) and strongest in deficient/older/cardiac populations.","CV mortality HR 0.51 (95% CI 0.36-0.74), ~49% lower (5.9% vs 12.6%), with CoQ10 200mg + selenium 200ug/d in selenium-low elderly — KiSel-10 (Alehagen 2013), n=443","Positive hard-outcome RCTs (elderly/HF), but bundled with selenium",Very safe; mild GI; interacts with warfarin,100-200 mg/day (ubiquinol better absorbed),OTC supplement,otc,Flagship benefit came combined with selenium in a likely-deficient cohort,Mitochondrial dysfunction; Chronic inflammation; Altered intercellular communication,"Alehagen et al., KiSel-10 — CoQ10+selenium cut CV mortality ~50% (HR 0.51), persisting 12 yr [https://doi.org/10.1371/journal.pone.0193120] | Q-SYMBIO, JACC HF 2014 — CoQ10 reduced major cardiac events in heart failure [https://doi.org/10.1016/j.jchf.2014.06.008]",https://doi.org/10.1371/journal.pone.0193120 | https://doi.org/10.1016/j.jchf.2014.06.008
24,menopausal-hormone-therapy,Menopausal Hormone Therapy,hormone,Sex steroid hormone,human-rct-hard,80,78,45,62,68,A,"Replaces declining estrogen (with progestogen to protect the endometrium); ER signaling across bone, vasculature, brain","The 'timing hypothesis' (WHI re-analyses, ELITE) holds that starting MHT near menopause (<60y) is associated with lower all-cause mortality and possibly reduced coronary risk, whereas late initiation raises stroke/VTE risk. It is the most effective treatment for vasomotor symptoms and prevents fractures; the longevity signal is associational.",Best therapy for hot flushes; reduces fractures; possible mortality benefit if started early,Large RCTs + cohorts; favorable for symptomatic women starting near menopause,"Small absolute increases in breast cancer (combined oral), VTE, stroke; transdermal lowers VTE risk",Lowest effective dose (transdermal estradiol + progesterone if uterus),Approved for vasomotor symptoms/osteoporosis,rx,Window-of-opportunity matters; not a blanket anti-aging therapy; real (if small) risks,Altered intercellular communication; Chronic inflammation; Stem cell exhaustion,"Manson et al., WHI, JAMA 2017 — No increase in all-cause/CV/cancer mortality over 18 yr [https://doi.org/10.1001/jama.2017.11211] | Hodis et al., ELITE, NEJM 2016 — Early estradiol slowed carotid IMT; late did not [https://doi.org/10.1056/NEJMoa1505241]",https://doi.org/10.1001/jama.2017.11211 | https://doi.org/10.1056/NEJMoa1505241
25,sauna-finnish-dry-heat,Finnish Sauna Bathing,thermal,Passive heat exposure / hormesis,human-cohort,64,70,55,82,67,B,"Heat stress induces heat-shock proteins, improves endothelial function, lowers BP — a mild cardiovascular load","The Finnish KIHD cohort links 4-7 sauna sessions/wk to ~40% lower all-cause and sharply lower cardiovascular/sudden-cardiac mortality. But the one controlled trial (8 weeks, CAD patients) was NULL on vascular surrogates, so causality and healthy-user bias remain unresolved.","All-cause mortality HR 0.60 (95% CI 0.46-0.80) at 4-7 sessions/wk vs 1/wk; fatal CVD HR 0.50 (95% CI 0.33-0.77) — Laukkanen JAMA Intern Med 2015 (KIHD, n=2,315 men); RCT surrogate data ~null",Strong cohorts; only RCT negative on vascular surrogates,"Generally safe; dehydration, orthostatic hypotension, caution with unstable cardiac disease","4-7 sessions/wk, ~15-20 min at ~80-100C",Lifestyle / investigational,lifestyle,Cohort benefit likely confounded by healthy-user bias; the one RCT showed no vascular benefit,Loss of proteostasis; Altered intercellular communication; Chronic inflammation,"Laukkanen et al., JAMA IM 2015 (KIHD) — 4-7/wk vs 1/wk: ~40% lower all-cause mortality [https://pubmed.ncbi.nlm.nih.gov/25705824/] | Lee/Laukkanen, J Appl Physiol 2023 RCT — No change in FMD/BP/stiffness in CAD (null) [https://doi.org/10.1152/japplphysiol.00322.2023]",https://pubmed.ncbi.nlm.nih.gov/25705824/ | https://doi.org/10.1152/japplphysiol.00322.2023
26,coffee,Coffee / Caffeine,diet,Polyphenol-rich beverage (chlorogenic acids + caffeine),human-cohort,64,68,50,90,67,B,"Chlorogenic acids and caffeine act as antioxidants, activate AMPK/autophagy and suppress NF-kB inflammation while improving glucose/lipid metabolism","Very large prospective cohorts (EPIC ~521k; UK Biobank ~498k) and a 40-study dose-response meta-analysis (~3.85M) consistently show ~10-18% lower all-cause mortality at ~3-4 cups/day, with decaffeinated coffee showing similar benefit (implicating non-caffeine compounds). All evidence is observational, so residual confounding and reverse causation can't be excluded; no long-term mortality RCT exists.","~12-18% lower all-cause mortality at ~3-4 cups/day (RR 0.85, 95% CI 0.82-0.89); observational","Large, consistent observational mortality evidence across continents; not proven causal","Safe for most adults up to ~400 mg caffeine/day; caveats: pregnancy (<=200 mg/day), anxiety/insomnia, unfiltered coffee raises LDL via cafestol","~3-4 cups/day, preferably filtered (the dose-response nadir)","Strong, widely-accepted observational evidence; likely modest net benefit at moderate intake",otc,"Entirely observational — coffee drinkers differ systematically and the ill cut back (reverse causation), so causality is unestablished",Chronic inflammation; Deregulated nutrient sensing; Mitochondrial dysfunction,"Kim, Je & Giovannucci, Eur J Epidemiol 2019 (40-study meta, 3.85M) — All-cause mortality nadir at ~3.5 cups/day RR 0.85 (95% CI 0.82-0.89) [https://pubmed.ncbi.nlm.nih.gov/31055709/] | Loftfield et al. (UK Biobank, n=498,134), JAMA Intern Med 2018 — 2-3 cups/day HR 0.88 (95% CI 0.84-0.93); decaf also inverse; independent of caffeine-metabolism genotype [https://pmc.ncbi.nlm.nih.gov/articles/PMC6143111/]",https://pubmed.ncbi.nlm.nih.gov/31055709/ | https://pmc.ncbi.nlm.nih.gov/articles/PMC6143111/
27,tirzepatide,Tirzepatide,pharma,GIP/GLP-1 dual agonist,human-rct-surrogate,68,70,52,66,65,B,Co-agonizes GIP and GLP-1 receptors for greater weight loss and glycaemic control,"Produces the largest pharmacological weight loss yet (~22.5% in SURMOUNT-1) and broad cardiometabolic improvement; the dedicated morbidity/mortality trial (SURMOUNT-MMO) is ongoing, so hard aging-relevant outcomes are not yet read out.",Up to ~22.5% weight loss; mortality data pending,Strong surrogate data; morbidity/mortality trial not yet reported,"GI effects, pancreatitis/gallbladder risk, lean-mass loss, weight regain; rodent thyroid signal",2.5-15 mg SC weekly,FDA-approved (diabetes/obesity),rx,Hard-outcome/mortality data pending; no aging-endpoint trial; muscle-loss concern,Deregulated nutrient sensing; Chronic inflammation; Altered intercellular communication,"SURMOUNT-1, NEJM 2022 — Up to 22.5% weight loss over 72 weeks [https://doi.org/10.1056/NEJMoa2206038] | SURPASS-CVOT, 2025 — Non-inferior to dulaglutide for MACE (HR ~0.92) [https://doi.org/10.1056/NEJMoa2505928]",https://doi.org/10.1056/NEJMoa2206038 | https://doi.org/10.1056/NEJMoa2505928
28,ace-inhibitors-arbs,ACE Inhibitors / ARBs,pharma,Renin-angiotensin inhibitors,animal-itp,70,68,45,72,64,B,"Block angiotensin-II signaling, lowering BP and RAS-driven oxidative stress, fibrosis and inflammation","Unusual breadth: RAS inhibition extends lifespan from worms to rats (ramipril ~doubled hypertensive-rat lifespan), captopril was a positive ITP hit, and ACEi/ARBs cut CV mortality in high-risk humans (HOPE). No trial in healthy normotensives.",Up to ~2x lifespan in hypertensive rats; human all-cause HR ~0.84 (high-risk),CV mortality benefit in high-risk groups; no healthy-aging trial,"ACEi: cough, hyperkalaemia, angioedema; ARBs better tolerated; both contraindicated in pregnancy",Disease-based dosing,FDA-approved (hypertension/HF/CKD),rx,Human mortality data in diseased groups; lifespan benefit in healthy people untested,Altered intercellular communication; Chronic inflammation; Mitochondrial dysfunction,"Strong et al., ITP 2022 — Captopril +4-5% female mouse lifespan [https://doi.org/10.1111/acel.13724] | HOPE, NEJM 2000 — Ramipril cut all-cause mortality HR 0.84 in high-risk patients [https://doi.org/10.1056/NEJM200001203420301]",https://doi.org/10.1111/acel.13724 | https://doi.org/10.1056/NEJM200001203420301
29,nicotinamide,Nicotinamide (NAM),nad,NAD+ precursor (vitamin B3 amide),human-rct-hard,72,65,35,80,64,B,Salvaged directly to NAD+ via NAMPT; at high doses inhibits sirtuins/PARPs,"Unusual for a positive hard-outcome RCT — but for skin-cancer prevention, not aging: ONTRAC showed 500 mg twice daily cut new non-melanoma skin cancers 23% in high-risk patients. Reflects DNA-repair/energy support in skin; a later transplant trial was negative.",23% fewer non-melanoma skin cancers (hard endpoint); not an established longevity effect,Strong cancer-prevention RCT; not shown to extend healthspan,Very safe at 500 mg x2/day (no flushing); very high doses risk hepatotoxicity/sirtuin inhibition,500 mg twice daily (skin cancer),OTC vitamin; used in dermatology,otc,"Proven benefit is skin-cancer prevention, not anti-aging; high doses inhibit sirtuins",Genomic instability; Deregulated nutrient sensing; Mitochondrial dysfunction,"Chen et al., NEJM 2015 (ONTRAC) — -23% non-melanoma skin cancer over 12 months [https://www.nejm.org/doi/full/10.1056/NEJMoa1506197]",https://www.nejm.org/doi/full/10.1056/NEJMoa1506197
30,trt,Testosterone Replacement Therapy,hormone,Androgen (steroid hormone),human-rct-hard,80,75,35,55,64,B,"Restores serum testosterone via androgen-receptor signaling; affects muscle, bone, libido, erythropoiesis","The large TRAVERSE RCT found TRT non-inferior to placebo for major cardiac events in hypogonadal men, settling a CV-safety question — but with MORE atrial fibrillation, AKI, PE and (unexpectedly) fractures. It improves libido/lean mass/BMD in true deficiency, but there is NO evidence it extends lifespan and it should not be an anti-aging tonic in men with normal testosterone.",Clear gains in hypogonadism; no longevity benefit; net harms in higher-risk older men,Definitive large RCT; CV-safe at replacement doses but not life-extending,"Erythrocytosis, atrial fibrillation, fracture/PE risk, infertility, sleep-apnea worsening",Replacement to mid-normal range,Rx for diagnosed hypogonadism,rx,"Benefit only in true deficiency, with real adverse effects and no survival gain",Altered intercellular communication; Stem cell exhaustion,"Lincoff et al., TRAVERSE, NEJM 2023 (n=5,246) — MACE non-inferior to placebo; more atrial fibrillation, AKI and PE [https://pubmed.ncbi.nlm.nih.gov/37326322/] | TRAVERSE Fracture sub-trial, NEJM 2024 — More clinical fractures on testosterone (3.5% vs 2.5%) [https://pubmed.ncbi.nlm.nih.gov/38231621/]",https://pubmed.ncbi.nlm.nih.gov/37326322/ | https://pubmed.ncbi.nlm.nih.gov/38231621/
31,zoledronate,Zoledronate / Bisphosphonates,pharma,Bisphosphonate (osteoclast inhibitor),human-rct-hard,74,62,50,62,63,B,Inhibits bone resorption; emerging senolytic/senomorphic and DNA-damage-resilience effects,"Beyond fracture prevention, annual zoledronic acid cut mortality 28% after hip fracture (HORIZON-RFT) — more than fracture reduction explains, prompting geroscience interest, with preclinical senolytic activity now reported. Mortality signal is in frail post-fracture patients.",All-cause mortality -28% post-fracture; senolytic effects preclinical,"Hard-outcome mortality benefit, but only in frail post-fracture patients","Acute flu-like reaction, hypocalcaemia; rare jaw osteonecrosis/atypical fractures",5 mg IV once yearly,FDA-approved (osteoporosis); experimental as senolytic,clinic-only,Mortality data confined to post-fracture cohort; senolytic mechanism preclinical,Cellular senescence; Chronic inflammation; Stem cell exhaustion; Genomic instability,"HORIZON-RFT, NEJM 2007 — Annual zoledronate cut all-cause mortality 28% post-hip-fracture [https://doi.org/10.1056/NEJMoa074941] | Samakkarnthai et al., Aging 2023 — Selectively killed senescent cells, lowered SASP, improved grip in aged mice [https://doi.org/10.18632/aging.204701]",https://doi.org/10.1056/NEJMoa074941 | https://doi.org/10.18632/aging.204701
32,urolithin-a,Urolithin A,supplement,Gut-microbial metabolite (mitophagy),human-rct-surrogate,60,62,45,88,63,B,"Induces mitophagy (clearance of damaged mitochondria), improving mitochondrial quality","One of the better-evidenced novel geroprotectors at the biomarker level: RCTs show improved muscle mitophagy gene expression, ~12% strength/endurance gains, and (2025) shifts toward less-exhausted T cells. Surrogate-only; ~60% of people can't make UA from diet, hence supplementation.",~10-12% muscle strength/endurance; immune-aging marker shifts,Several RCTs on muscle/immune surrogates; no hard outcomes,Well tolerated to 1000 mg/d,500-1000 mg/day (Mitopure),FDA GRAS; branded supplement,otc,Surrogate-only and partly industry-funded; no lifespan data,Mitochondrial dysfunction; Disabled macroautophagy; Chronic inflammation,"Singh/Liu et al., Cell Rep Med 2022 — ~12% muscle-strength gain, improved endurance & mitophagy markers [https://doi.org/10.1016/j.xcrm.2022.100633] | D'Amico et al., Nature Aging 2025 — Reduced markers of immune aging [https://doi.org/10.1038/s43587-025-00996-x]",https://doi.org/10.1016/j.xcrm.2022.100633 | https://doi.org/10.1038/s43587-025-00996-x
33,mind-diet,MIND Diet,diet,Hybrid brain-targeted pattern,human-rct-hard,60,62,40,92,63,B,"Combines Mediterranean + DASH (leafy greens, berries, nuts) to reduce neuroinflammation and vascular damage","Cohorts linked high adherence to ~35-53% slower cognitive decline, but the definitive 3-year RCT (NEJM 2023) found no cognitive/MRI advantage over a mild-CR control. Strong observational signal not confirmed by RCT; the diet remains healthy and low-risk.",Observational dementia-risk reduction; RCT null on cognition,Strong cohort data contradicted by a null definitive RCT,Very safe; nutrient-dense,"Daily leafy greens, berries, nuts, whole grains, fish",Healthy pattern (RCT-null),lifestyle,Definitive RCT was null; observational benefit likely confounded by healthy lifestyle,Chronic inflammation; Altered intercellular communication; Mitochondrial dysfunction,"Barnes et al., NEJM 2023 — No significant cognitive advantage vs control over 3 years [https://www.nejm.org/doi/full/10.1056/NEJMoa2302368] | Morris et al., 2015 (cohort) — ~53% lower Alzheimer's incidence (observational) [https://doi.org/10.1016/j.jalz.2014.11.009]",https://www.nejm.org/doi/full/10.1056/NEJMoa2302368 | https://doi.org/10.1016/j.jalz.2014.11.009
34,metformin,Metformin,pharma,Biguanide,human-cohort,66,60,42,80,62,B,"AMPK activation, complex-I inhibition, improved insulin sensitivity, microbiome effects",Decades of safe use and provocative cohort signals (diabetics on metformin sometimes outliving non-diabetics) motivate the TAME geroprotection trial — still only partially funded. Notably it FAILED to extend lifespan in the ITP and may blunt exercise adaptations.,No lifespan extension in ITP mice; human benefit only shown in diabetics,Large diabetes cohorts; TAME RCT pending; unproven in non-diabetics,"Very safe; GI upset, B12 depletion, rare lactic acidosis",500-2000 mg/day,FDA-approved (diabetes); off-label for longevity,rx,May attenuate exercise/muscle gains; geroprotection in healthy people unproven; ITP-negative,Deregulated nutrient sensing; Mitochondrial dysfunction; Chronic inflammation,"Bannister et al., Diab Obes Metab 2014 — Metformin-treated diabetics had lower mortality than matched non-diabetics (confounded) [https://doi.org/10.1111/dom.12354] | MASTERS, Aging Cell 2019 — Metformin blunted resistance-training muscle gains in older adults [https://doi.org/10.1111/acel.13039]",https://doi.org/10.1111/dom.12354 | https://doi.org/10.1111/acel.13039
35,canakinumab,Canakinumab,pharma,Anti-IL-1b monoclonal antibody,human-rct-hard,80,70,42,45,62,B,"Neutralizes IL-1b, blocking a key driver of inflammaging and the senescent-cell SASP",CANTOS is proof-of-concept that targeting inflammaging improves human outcomes: IL-1b inhibition cut recurrent CV events independent of lipids and reduced lung-cancer mortality. But it did NOT reduce all-cause mortality (fatal infections offset benefits) and is costly/immunosuppressive.,MACE -15%; lung-cancer mortality reduced; all-cause mortality unchanged,"Hard-outcome RCT validating anti-inflammaging, but no all-cause benefit","Increased fatal infections/sepsis, neutropenia; potent immunosuppression",150 mg SC every 3 months,FDA-approved (auto-inflammatory syndromes),clinic-only,No all-cause mortality benefit; infection risk and high cost preclude broad use,Chronic inflammation; Altered intercellular communication; Cellular senescence,"CANTOS, NEJM 2017 (n=10,061) — MACE HR 0.85; no all-cause mortality benefit; more fatal infections [https://doi.org/10.1056/NEJMoa1707914]",https://doi.org/10.1056/NEJMoa1707914
36,magnesium,Magnesium,supplement,Essential mineral / enzyme cofactor,human-cohort,60,62,40,88,62,B,Cofactor for 300+ enzymes incl. ATP metabolism and DNA repair; vascular/neuromuscular regulation,"Strong cohort evidence: each +100 mg/d dietary magnesium associated with ~10% lower all-cause mortality and lower heart-failure/stroke risk. But intake correlates with diet quality, and RCT benefit is concentrated in deficiency/hypertension.","All-cause mortality RR 0.90 (95% CI 0.81-0.99) per 100 mg/d dietary intake; stronger for T2D (RR 0.81, 95% CI 0.77-0.86) and stroke (RR 0.93, 95% CI 0.89-0.97) — Fang BMC Med 2016 cohort meta-analysis",Strong cohort; RCT benefits mainly in deficiency/hypertension,Very safe from food; supplements cause diarrhoea; caution in renal impairment,~300-400 mg/day elemental,OTC mineral,otc,Association partly reflects overall diet quality; limited benefit beyond adequacy,Genomic instability; Mitochondrial dysfunction; Chronic inflammation,"Fang et al., BMC Med 2016 — +100 mg/d: all-cause mortality -10%, HF -22% [https://link.springer.com/article/10.1186/s12916-016-0742-z]",https://link.springer.com/article/10.1186/s12916-016-0742-z
37,time-restricted-eating,Time-Restricted Eating,diet,Daily eating-window restriction,human-rct-surrogate,60,64,42,84,62,B,Aligns feeding with circadian rhythm and extends the overnight fast to lower insulin and trigger autophagy,"RCTs and meta-analyses show modest improvements in glucose, weight and BP, largely from incidental calorie reduction; head-to-head it roughly equals plain calorie restriction. A contested (non-peer-reviewed) 2024 analysis linked <8h windows to higher CV mortality.",Small weight/glucose/BP improvements; no demonstrated mortality benefit,Many short RCTs on surrogates; mortality data conflicting,"Generally well tolerated; caution with diabetes meds, eating disorders",6-10h daily eating window,Popular practice / investigational,lifestyle,Benefits largely explained by calorie reduction; one observational analysis suggests possible CV harm,Deregulated nutrient sensing; Altered intercellular communication; Disabled macroautophagy; Chronic inflammation,"Lowe et al., TREAT, JAMA IM 2020 — 16:8 gave no metabolic advantage over 3 meals/day [https://doi.org/10.1001/jamainternmed.2020.4153]",https://doi.org/10.1001/jamainternmed.2020.4153
38,intermittent-fasting,Intermittent Fasting (ADF / 5:2),diet,Intermittent energy restriction,human-rct-surrogate,60,64,42,82,62,B,"Recurrent fasts trigger ketogenic switch, autophagy and lowered insulin/IGF-1/mTOR","Network meta-analyses show all IF forms reduce weight and improve glucose/lipids vs usual diet (alternate-day often largest), but certainty is low and IF roughly equals continuous CR. Benefits appear driven by energy deficit; no hard outcomes.",~3-8% weight loss; improved insulin sensitivity comparable to CR,Numerous RCTs on surrogates; no hard-outcome trials,"Hunger, irritability; hypoglycaemia risk on glucose-lowering meds",5:2 or alternate-day (~25% intake),Popular practice,lifestyle,Effects largely attributable to calorie deficit; adherence drops; low evidence certainty,Deregulated nutrient sensing; Disabled macroautophagy; Chronic inflammation; Mitochondrial dysfunction,"Trepanowski et al., JAMA IM 2017 — ADF weight loss similar to daily CR, higher dropout [https://doi.org/10.1001/jamainternmed.2017.0936]",https://doi.org/10.1001/jamainternmed.2017.0936
39,colchicine,Colchicine (low-dose),pharma,Anti-inflammatory / NLRP3 inflammasome inhibitor,human-rct-hard,80,52,50,62,62,B,"Binds tubulin to block microtubule assembly, suppressing NLRP3 inflammasome activation and IL-1b/IL-18 release (targets 'inflammaging')","Two large double-blind RCTs (LoDoCo2 n=5,522; COLCOT n=4,745) show 0.5 mg/day cuts major CV events ~25-31% on top of statins, earning the first FDA approval (2023) of an anti-inflammatory drug for atherosclerotic CVD. But the benefit is non-fatal ischemic events only: NO reduction in CV or all-cause mortality, and pooled data show a significant excess of non-cardiovascular death.","~25-31% fewer major CV events (pooled OR 0.70, 95% CI 0.60-0.83); no mortality benefit",Strong hard-outcome RCT evidence for CV events; no survival benefit shown,Generally tolerated at 0.5 mg/day; signal of excess non-CV death; dangerous with CYP3A4/P-gp inhibitors and in renal/hepatic impairment,"0.5 mg orally once daily, added to standard secondary prevention",FDA-approved 2023 for CV risk reduction in ASCVD,rx,"Cuts non-fatal events only — no CV or all-cause mortality benefit, and a significant excess of non-cardiovascular deaths in pooled data",Chronic inflammation; Cellular senescence,"Nidorf et al. (LoDoCo2), NEJM 2020 — Primary CV composite HR 0.69 (95% CI 0.57-0.83); non-CV death HR 1.51 (0.99-2.31) [https://pubmed.ncbi.nlm.nih.gov/32865380/] | Akl et al. meta-analysis (8 RCTs, 12,151), 2024 — MACE OR 0.70 (95% CI 0.60-0.83); all-cause mortality OR 1.11 (NS); non-CV death OR 1.54 (1.10-2.15) [https://pmc.ncbi.nlm.nih.gov/articles/PMC10950412/]",https://pubmed.ncbi.nlm.nih.gov/32865380/ | https://pubmed.ncbi.nlm.nih.gov/31733140/
40,curcumin,Curcumin,botanical,Polyphenol (curcuminoid),human-rct-surrogate,60,62,38,84,61,B,"Pleiotropic anti-inflammatory/antioxidant; inhibits NF-kB/COX-2, modulates Nrf2/AMPK","Large RCT base shows reductions in CRP, IL-6 and TNF-a and OA pain relief comparable to NSAIDs with bioavailable formulations. No hard-outcome/lifespan data; dismal bioavailability of unformulated curcumin is the key limitation.",CRP reductions; OA pain relief comparable to NSAIDs (formulated),Robust RCT evidence for surrogate/symptomatic outcomes; no longevity endpoints,Very well tolerated; CYP inhibition; rare hepatotoxicity at high dose,500-2000 mg/day curcuminoids (bioavailable forms),Supplement / spice,otc,Unformulated curcumin is poorly absorbed; results hinge on formulation — but high-bioavailability/piperine forms are also those linked to a rising number of drug-induced liver-injury cases,Chronic inflammation; Altered intercellular communication; Cellular senescence,"Curcumin vs diclofenac OA, Trials 2019 — Comparable knee-OA pain relief with fewer GI effects [https://pubmed.ncbi.nlm.nih.gov/30975196/]",https://pubmed.ncbi.nlm.nih.gov/30975196/
41,aged-garlic-allicin,Aged Garlic Extract / Allicin,botanical,Organosulfur compounds,human-rct-surrogate,60,62,38,84,61,B,"NO-mediated vasodilation, modest lipid modulation, anti-inflammatory/antiplatelet effects","Among the better-evidenced botanicals for cardiovascular surrogates: meta-analyses show reductions in systolic BP (~2.5-4 mmHg) and LDL, strongest at >=1200 mg/day and in those with CVD. No powered hard-outcome RCT.",SBP -2.5-4 mmHg (up to ~10 in uncontrolled HTN); small LDL reductions,Consistent RCT/meta-analytic evidence for BP/lipids; no hard-outcome RCT,"Very safe; garlic odor, GI; antiplatelet (bleeding caution)",AGE >=1200 mg/day,Supplement / food,otc,Allicin is unstable; effects require adequate (>=1200 mg) dosing,Altered intercellular communication; Chronic inflammation; Mitochondrial dysfunction,"AGE BP/lipid meta-analysis 2025 (19 trials) — SBP -2.5 mmHg, LDL reductions; stronger in CVD [https://pubmed.ncbi.nlm.nih.gov/40628369/]",https://pubmed.ncbi.nlm.nih.gov/40628369/
42,green-tea-beverage,Green Tea (Whole Beverage),botanical,Polyphenol-rich beverage,human-cohort,60,62,40,86,61,B,"Antioxidant/anti-inflammatory polyphenols, endothelial NO support, modest metabolic effects","Whole-beverage tea has large cohort evidence for lower mortality: a 2024 meta-analysis (38 cohorts, ~1.96M) found highest intake associated with ~10% lower all-cause and ~14% lower CV mortality, plateauing ~2 cups/day. The pooled data cover all tea types (green in Asian, black in European cohorts), not green tea alone. Observational, but the strongest signal among these botanicals — and the beverage avoids EGCG-extract hepatotoxicity.",~10-15% lower all-cause/CV mortality at highest intake (associative),Strong cohort mortality association; no RCT proving causal lifespan extension,Very safe as a beverage; caffeine effects,~1.5-3 cups/day,Food/beverage,lifestyle,"Observational only; the meta-analysis pooled all tea types (not green-specific); benefit is from the beverage, not concentrated extracts",Chronic inflammation; Altered intercellular communication; Mitochondrial dysfunction,"Tea & mortality meta-analysis 2024 (38 cohorts) — All-cause HR 0.90, CVD HR 0.86 at highest intake [https://pmc.ncbi.nlm.nih.gov/articles/PMC11573487/]",https://pmc.ncbi.nlm.nih.gov/articles/PMC11573487/
43,blood-flow-restriction-training,Blood-Flow Restriction Training,therapy,Low-load resistance + occlusion,human-rct-surrogate,60,66,42,78,61,B,Partial venous occlusion during light-load exercise creates metabolic stress driving hypertrophy at low loads,"Meta-analyses show low-load BFR builds strength/hypertrophy comparable to heavy resistance training — valuable for frail/older or injured people who can't lift heavy. Muscle surrogates, not longevity; in some trained groups it is inferior to heavy lifting.",Hypertrophy/strength comparable to heavy lifting at ~20-40% 1RM,Robust RCT evidence for muscle; no aging/mortality data,"Generally safe done correctly; theoretical clot risk, discomfort, bruising","~20-40% 1RM, high reps, cuff ~40-80% occlusion",Established in rehab/strength training,otc,"An exercise method valuable for those who can't lift heavy, not a validated systemic anti-aging therapy",Stem cell exhaustion; Deregulated nutrient sensing; Altered intercellular communication,Sports Med Open 2024 meta-analysis — Low-load BFR matched high-load training for strength/hypertrophy [https://doi.org/10.1186/s40798-024-00719-3],https://doi.org/10.1186/s40798-024-00719-3
44,glucosamine,Glucosamine,supplement,Amino-monosaccharide,human-cohort,58,60,42,82,60,B,Cartilage substrate; proposed systemic anti-inflammatory / AMPK (CR-mimetic) effects,"Large cohorts (UK Biobank, ~495k) link regular glucosamine use to ~15% lower all-cause and ~18% lower CV mortality, with mouse data suggesting CR-mimetic effects. All longevity data are observational (healthy-user bias); a dedicated UK Biobank + Mendelian-randomization analysis found glucosamine associated with LOWER incident heart failure (HR ~0.87), so the earlier heart-failure concern is not supported.","All-cause mortality HR 0.85 (95% CI 0.82-0.89), ~15% lower, in regular users; CVD HR 0.82 (95% CI 0.74-0.90) — Li UK Biobank 2020 cohort association, n=495,077",Strong cohort associations; no RCT; HF link is protective in MR analysis,Very safe; mild GI; may slightly raise glucose,1500 mg/day,OTC (Rx in some EU countries),otc,All longevity data observational/healthy-user-confounded; no RCT for hard outcomes,Chronic inflammation; Deregulated nutrient sensing,"Li et al., Ann Rheum Dis 2020 (UK Biobank, ~495k) — All-cause mortality HR 0.85; CV HR 0.82 [https://pmc.ncbi.nlm.nih.gov/articles/PMC7286049/] | Ma et al., Mayo Clin Proc 2023 (UK Biobank + MR) — Glucosamine associated with LOWER incident heart failure (HR 0.87; MR HR 0.92) [https://pubmed.ncbi.nlm.nih.gov/37422736/]",https://pmc.ncbi.nlm.nih.gov/articles/PMC7286049/ | https://pubmed.ncbi.nlm.nih.gov/37422736/
45,blue-zones-plant-forward,Blue Zones / Plant-Forward Pattern,diet,Whole-food plant-forward pattern,human-cohort,52,60,45,90,60,B,"Legume/whole-grain/vegetable-rich, low ultra-processed, moderate calories — reduces inflammation and improves the microbiome","The Blue Zones concept is observational and overlaps with RCT-supported diets (Mediterranean) and Adventist cohorts (vegetarians ~12% lower mortality). But the underlying centenarian demographics face serious data-quality critiques (missing birth records, pension fraud). A hypothesis-generating pattern.",Plant-forward cohorts ~12% lower mortality; Blue Zone magnitude disputed,Observational; overlaps with RCT-backed MedDiet; demographics contested,Very safe if well-planned; watch B12/iron/omega-3,"Plant-forward whole foods, daily legumes, minimal ultra-processed",Popular pattern (hypothesis-generating),lifestyle,Core longevity claims rest on disputed age records and confounded data,Chronic inflammation; Dysbiosis; Deregulated nutrient sensing; Altered intercellular communication,"Adventist Health Study-2, JAMA IM 2013 — Vegetarian patterns ~12% lower mortality (HR 0.88) [https://doi.org/10.1001/jamainternmed.2013.6473] | Newman, 2024 (critique) — Many extreme-age records attributable to error/fraud [https://doi.org/10.1101/704080]",https://doi.org/10.1001/jamainternmed.2013.6473 | https://doi.org/10.1101/704080
46,meditation-mindfulness,Meditation / Mindfulness,lifestyle,Stress-reduction practice,human-rct-surrogate,56,60,35,92,60,B,"Down-modulates HPA-axis and sympathetic tone, potentially lowering cortisol/inflammation that damage telomeres","Meta-analyses report small-to-moderate increases in telomerase activity and small reductions in inflammatory markers, but telomere-length effects are weak and the rigorous 18-month Age-Well RCT was null. Stress/well-being benefits are well established; biological-aging effects modest.",Modest telomerase increase; small inflammation reduction; telomere effect inconsistent,RCTs on biomarkers/well-being; biological-aging signal weak,Very safe; rare transient anxiety in intensive retreats,~10-40 min/day or MBSR (8 weeks),Established for stress; investigational for aging,lifestyle,Strongest biological-aging data from confounded long-term-meditator comparisons; RCTs largely null on telomeres,Chronic inflammation; Telomere attrition; Altered intercellular communication,Schutte & Malouff 2014 — Increased telomerase activity (d~0.46) [https://pubmed.ncbi.nlm.nih.gov/24636500/] | Age-Well RCT 2024 — No significant telomere effect [https://doi.org/10.1016/j.bpsgos.2024.100398],https://pubmed.ncbi.nlm.nih.gov/24636500/ | https://doi.org/10.1016/j.bpsgos.2024.100398
47,therapeutic-plasma-exchange,Therapeutic Plasma Exchange,therapy,Blood-fraction replacement,human-rct-hard,68,60,50,60,60,B,"Removing plasma and replacing with albumin dilutes pro-aging circulating factors, shifting the proteome younger",The AMBAR Phase 2b/3 RCT (n~347) in Alzheimer's found TPE with albumin slowed cognitive/functional decline vs sham — the strongest controlled evidence for any plasma-based aging-adjacent intervention. Effect was modest and disease-specific; biological-age data are preliminary.,"Slowed AD progression (modest, disease-specific); biological-age reduction reported in small study",One large RCT (Alzheimer's) + small biomarker studies; no general-aging RCT,"Generally well tolerated; hypotension, citrate reactions, line/infection risks",AMBAR: weekly x6 then monthly x12 months,FDA-approved (autoimmune neuro); anti-aging experimental,clinic-only,Best RCT is in Alzheimer's with modest effect; general anti-aging benefit hypothesis-driven,Altered intercellular communication; Chronic inflammation; Cellular senescence,"Boada et al., Alz & Dementia 2020 (AMBAR) — Slowed decline in moderate Alzheimer's vs sham [https://alz-journals.onlinelibrary.wiley.com/doi/10.1002/alz.12137]",https://alz-journals.onlinelibrary.wiley.com/doi/10.1002/alz.12137
48,spermidine,Spermidine,supplement,Natural polyamine (autophagy),human-cohort,56,58,42,86,59,B,"Induces autophagy, promoting cellular renewal and proteostasis",Best human evidence is observational: cohorts link higher dietary spermidine to lower all-cause/CV mortality. But the key RCT (SmartAge) was NULL — 12 months did not improve memory or biomarkers. Strong animal autophagy/lifespan data; human causal benefit unproven.,Strong cohort mortality association; RCT showed no cognitive effect,Strong cohort signal but rigorous RCT was null,Well tolerated; no notable adverse effects,"~1-6 mg/day (or diet: wheat germ, natto)",OTC supplement / food,otc,Cohort data likely confounded by diet quality; the one good RCT failed its endpoint,Disabled macroautophagy; Loss of proteostasis; Chronic inflammation,"Kiechl et al., AJCN 2018 (Bruneck) — Higher intake linked to markedly lower mortality [https://pubmed.ncbi.nlm.nih.gov/29955838/] | SmartAge RCT, JAMA Netw Open 2022 — NULL on memory/biomarkers at tested dose [https://doi.org/10.1001/jamanetworkopen.2022.13875]",https://pubmed.ncbi.nlm.nih.gov/29955838/ | https://doi.org/10.1001/jamanetworkopen.2022.13875
49,nac,N-Acetylcysteine (NAC),supplement,Cysteine donor,human-rct-surrogate,58,58,38,85,59,B,"Cysteine/glutathione precursor; replenishes glutathione, scavenges ROS","Solid disease-specific evidence (reduces COPD exacerbations; acetaminophen antidote), but aging-specific human data are confined to glutathione/oxidative surrogates and to GlyNAC. Mouse lifespan data come within GlyNAC.",COPD exacerbation reduction; aging effects surrogate-level,Strong for COPD/overdose; aging benefit mostly as GlyNAC component,Very safe orally; antioxidants may blunt some exercise adaptations,600-1800 mg/day,Rx drug + OTC supplement (US status contested),otc,Standalone anti-aging benefit unproven,Loss of proteostasis; Mitochondrial dysfunction; Chronic inflammation,COPD meta-analyses — ~10-25% fewer COPD exacerbations [https://doi.org/10.1183/16000617.00002215],https://doi.org/10.1183/16000617.00002215
50,selenium,Selenium,supplement,Essential trace mineral,human-rct-hard,78,70,22,58,59,B,Incorporated into selenoproteins (glutathione peroxidases) for antioxidant defense,"A cautionary U-shaped nutrient: the large SELECT RCT (n=35,533) found selenium did not prevent cancer. The statistically significant prostate-cancer increase in SELECT came from vitamin E, not selenium (selenium alone HR 1.09, NS); a diabetes signal with selenium comes mainly from the earlier NPC trial. Benefit appears confined to deficiency (e.g. with CoQ10 in KiSel-10); supplementing the replete is neutral.",No cancer-prevention benefit; benefit largely confined to deficiency,Large RCT (SELECT) shows no cancer-prevention benefit; harms with selenium alone were non-significant,Narrow window; frank excess causes selenosis; a diabetes signal seen in some trials (NPC); high-dose caution,~55 ug/day RDA; avoid high-dose if replete,OTC mineral (flagged for harm in repletion),otc,"Beneficial mainly in deficiency; high-dose carries selenosis/diabetes concern. Note: the significant prostate-cancer harm in SELECT was from vitamin E, not selenium.",Genomic instability; Chronic inflammation; Mitochondrial dysfunction,"SELECT, JAMA 2011 (n=35,533) — No cancer prevention; selenium alone NS for prostate cancer (HR 1.09); the significant increase was from vitamin E (HR 1.17) [https://pmc.ncbi.nlm.nih.gov/articles/PMC4169010/] | Alehagen et al., KiSel-10 — Selenium+CoQ10 cut CV mortality in selenium-deficient elderly [https://pubmed.ncbi.nlm.nih.gov/22626835/]",https://pmc.ncbi.nlm.nih.gov/articles/PMC4169010/ | https://pubmed.ncbi.nlm.nih.gov/22626835/
51,berberine,Berberine,botanical,Isoquinoline alkaloid,human-rct-surrogate,62,62,42,70,59,B,"AMPK activation with downstream effects on gluconeogenesis, lipogenesis and autophagy","Among botanicals this has strong mechanistic plausibility (genuine AMPK activator) and good human metabolic RCT data — meaningful reductions in fasting glucose, HbA1c, triglycerides and LDL, with glucose-lowering approaching metformin. Surrogate-only; bioavailability poor.",HbA1c ~-0.5-0.8% (up to ~1% at high baseline); meaningful lipid reductions,Good RCT/meta-analytic evidence for metabolic surrogates; no hard outcomes,GI effects in ~20-35%; potent CYP3A4/2D6 inhibitor (interactions); avoid in pregnancy,500 mg 2-3x/day with meals,OTC supplement (Rx in some countries),otc,"Poor bioavailability and notable drug interactions; metabolic adjunct, not metformin replacement",Deregulated nutrient sensing; Disabled macroautophagy; Chronic inflammation; Dysbiosis,T2D meta-analysis 2022 — Reduced FBG/HbA1c comparably to metformin [https://pubmed.ncbi.nlm.nih.gov/36467075/],https://pubmed.ncbi.nlm.nih.gov/36467075/
52,fasting-mimicking-diet,Fasting-Mimicking Diet,diet,Periodic low-calorie/low-protein cycles,human-rct-surrogate,56,56,50,80,59,B,"5-day low-cal/low-protein cycles mimic water-fast physiology — downregulate IGF-1/mTOR, induce autophagy and post-cycle regeneration","Longo's group reported 3-4 monthly FMD cycles lowered estimated biological age ~2.5 years and improved insulin resistance/liver fat across two cohorts. Surrogate (biological-age) endpoints, short-term, from groups with commercial interest; no hard outcomes.",~2.5-year reduction in estimated biological age; improved metabolic markers,Small RCTs/cohorts on biomarkers; industry-affiliated,Generally well tolerated; transient fatigue/hunger; caution in diabetes/frailty,"5-day low-cal cycles, repeated monthly x3",Investigational (commercial product),otc,"Biomarker-only endpoints, short follow-up, sponsor involvement; durability unproven",Deregulated nutrient sensing; Disabled macroautophagy; Stem cell exhaustion; Chronic inflammation,"Brandhorst/Longo, Nat Commun 2024 — 3-4 FMD cycles reduced biological age ~2.5 yr [https://doi.org/10.1038/s41467-024-45260-9]",https://doi.org/10.1038/s41467-024-45260-9
53,low-dose-aspirin,Low-dose Aspirin,pharma,COX inhibitor / antiplatelet,human-rct-hard,78,70,22,50,58,B,"Irreversibly inhibits COX-1/2, reducing thromboxane/prostaglandins (antiplatelet, anti-inflammatory)",A cautionary translation failure: a modest ITP mouse signal but the large ASPREE RCT found no benefit and numerically HIGHER all-cause mortality (cancer deaths) plus more major bleeding in healthy older adults.,Net harm in healthy elderly (all-cause HR ~1.14),Negative/harmful for primary prevention; benefit only in secondary prevention,Major risk is GI/intracranial haemorrhage,75-100 mg/d (not advised for primary prevention),OTC; not supported for healthy-aging prevention,otc,Animal-to-human translation failure; net harm in healthy elderly,Chronic inflammation; Altered intercellular communication,"ASPREE, NEJM 2018 (n=19,114) — No disability-free-survival benefit; all-cause mortality HR 1.14; more haemorrhage [https://doi.org/10.1056/NEJMoa1800722] | Strong et al., ITP 2008 — +8% male mouse median lifespan [https://doi.org/10.1111/j.1474-9726.2008.00414.x]",https://doi.org/10.1056/NEJMoa1800722 | https://doi.org/10.1111/j.1474-9726.2008.00414.x
54,glynac,GlyNAC (Glycine + NAC),supplement,Glutathione-precursor stack,human-rct-surrogate,52,52,48,84,58,B,"Supplies both glutathione precursors, restoring redox, mitochondrial function and lowering inflammation","Baylor (Sekhar) RCTs in older adults show GlyNAC corrects glutathione deficiency and improves a broad panel of aging surrogates (oxidative stress, inflammation, insulin resistance, gait, strength). But trials are small, single-lab and biomarker-based; mouse lifespan +24%.",Large improvements in oxidative-stress/inflammation/insulin-resistance surrogates,Promising small RCTs; needs large independent replication,Well tolerated; high amino-acid load,~100 mg/kg glycine + 100 mg/kg NAC,OTC (separate or combo),otc,Small single-lab studies with dramatic biomarker claims; effects likely shrink in larger trials,Mitochondrial dysfunction; Loss of proteostasis; Chronic inflammation; Deregulated nutrient sensing,"Kumar et al., J Gerontol 2023 RCT — Improved glutathione, oxidative stress, gait, strength, cognition vs placebo [https://pmc.ncbi.nlm.nih.gov/articles/PMC9879756/]",https://pmc.ncbi.nlm.nih.gov/articles/PMC9879756/
55,sulforaphane,Sulforaphane,supplement,Isothiocyanate (Nrf2 activator),human-rct-surrogate,56,58,38,84,58,B,"Activates Keap1-Nrf2-ARE, inducing endogenous antioxidant/detox enzymes","The prototypical dietary Nrf2 activator with many small RCTs showing reproducible Nrf2-target induction, lowered fasting glucose/HbA1c in diabetics (via reduced hepatic glucose output), and lower inflammatory markers. Results are biomarker-level and variable; bioavailability depends heavily on formulation.",Modest glycaemic and oxidative/inflammatory improvements; reliable Nrf2 induction,Many small RCTs on surrogates,Generally safe; GI upset; bioavailability varies hugely,~10-40 mg/day (myrosinase-active),OTC supplement / functional food,otc,Highly variable bioavailability; no longevity outcome data despite strong mechanism,Chronic inflammation; Genomic instability; Loss of proteostasis,"Axelsson et al., Sci Transl Med 2017 — Lowered fasting glucose/HbA1c in type-2 diabetes [https://pubmed.ncbi.nlm.nih.gov/28615356/]",https://pubmed.ncbi.nlm.nih.gov/28615356/
56,ergothioneine,Ergothioneine,supplement,Sulfur amino-acid antioxidant,human-cohort,56,55,40,86,58,B,Cytoprotective antioxidant accumulated via a dedicated transporter in high-stress tissues,A proposed 'longevity vitamin' (humans have a dedicated transporter). Strongest data are cohort — higher plasma ergothioneine predicted lower CV and all-cause mortality over 21 years. Compelling but observational; intervention evidence only early-stage.,All-cause mortality ~-14% per SD (cohort),Strong cohort/mechanistic case; intervention RCTs early-stage,Appears very safe; accumulates selectively,~5-30 mg/day (or mushrooms),OTC supplement (GRAS),otc,Mortality data associational; whether supplementing replicates the cohort benefit is unproven,Chronic inflammation; Mitochondrial dysfunction; Genomic instability,"Smith et al., Heart 2019 (Malmo) — Higher plasma EGT: all-cause mortality HR ~0.86 over 21 yr [https://www.ncbi.nlm.nih.gov/pmc/articles/PMC7229907/]",https://www.ncbi.nlm.nih.gov/pmc/articles/PMC7229907/
57,collagen-peptides,Collagen Peptides,supplement,Hydrolyzed structural protein,human-rct-surrogate,56,60,30,90,58,B,Provides glycine/proline + bioactive peptides that may signal fibroblast collagen synthesis,"For skin aging the evidence is reasonably solid: meta-analyses of RCTs find ~3 months improves skin hydration, elasticity and wrinkles; joint data are positive but variable. Many trials are industry-funded; endpoints cosmetic/functional, not longevity.",Measurable skin elasticity/hydration gains; modest joint relief,Multiple positive RCTs on skin; weaker on joints,Very safe,2.5-15 g/day,OTC supplement / food,otc,Mostly cosmetic surrogates and industry-funded; no evidence it affects systemic aging,Altered intercellular communication; Stem cell exhaustion,"Skin-aging meta-analysis, Am J Med 2025 — Improved hydration, elasticity, fewer wrinkles vs placebo [https://www.amjmed.com/article/S0002-9343(25)00283-9/abstract]",https://www.amjmed.com/article/S0002-9343(25)00283-9/abstract
58,acarbose,Acarbose,pharma,Alpha-glucosidase inhibitor,animal-itp,64,35,60,72,57,B,Blunts post-prandial glucose spikes by slowing carbohydrate digestion (CR-mimetic),"One of the most reproducible ITP hits, with a striking male-biased lifespan extension confirmed across doses and sites. Combined with rapamycin it produced one of the largest ITP effects on record. No human longevity data.","+22% male median lifespan (mice, ITP)",No human longevity trial; glycemic surrogate data only,Metabolically well tolerated; dose-dependent flatulence/diarrhea limit adherence,~25-100 mg with carb meals (extrapolated),FDA-approved (diabetes); experimental for longevity,rx,Robust in mice but male-specific; zero human lifespan data; GI side effects,Deregulated nutrient sensing; Chronic inflammation,"Harrison et al., Aging Cell 2014 (ITP) — +22% male / +5% female median lifespan [https://doi.org/10.1111/acel.12170] | Strong et al., Aging Cell 2022 (ITP) — Rapamycin+acarbose ~+37% male median lifespan [https://doi.org/10.1111/acel.13724]",https://doi.org/10.1111/acel.12170 | https://doi.org/10.1111/acel.13724
59,canagliflozin,Canagliflozin,pharma,SGLT2 inhibitor,animal-itp,62,50,55,60,57,B,"Blocks renal glucose reabsorption, inducing a mild fasting-like metabolic state","An ITP success in males — extended male mouse lifespan and delayed tumours, with no female lifespan effect. The SGLT2 class has strong human CV/kidney mortality data, but canagliflozin specifically carries an amputation-risk signal.","+14% male median lifespan (mice, ITP)",No longevity RCT; class CV/renal mortality benefit in disease,"Genital infections, volume depletion, euglycemic DKA; amputation/fracture signal unique to canagliflozin",100-300 mg/day (therapeutic),FDA-approved (diabetes/CKD); experimental for longevity,rx,Male-only mouse benefit; amputation signal makes other SGLT2i safer; no human aging data,Deregulated nutrient sensing; Chronic inflammation; Altered intercellular communication,"Miller et al., ITP 2020 — +14% male median lifespan; no female effect; delayed neoplasia [https://doi.org/10.1172/jci.insight.140019] | CANVAS, NEJM 2017 — Lower MACE but ~2x amputation risk in diabetics [https://doi.org/10.1056/NEJMoa1611925]",https://doi.org/10.1172/jci.insight.140019 | https://doi.org/10.1056/NEJMoa1611925
60,alpha-lipoic-acid,Alpha-Lipoic Acid,supplement,Organosulfur antioxidant,human-rct-surrogate,56,56,35,82,57,B,Universal antioxidant; regenerates other antioxidants; mitochondrial cofactor; AMPK effects,"Best evidence is for diabetic neuropathy (symptom improvement short-term), though the long-term NATHAN-1 RCT missed its primary endpoint. Other RCTs show reduced oxidative markers and modest metabolic improvement. Aging-specific data absent.",Symptomatic neuropathy improvement; modest metabolic effects,RCTs in neuropathy/metabolic disease; no aging data,Generally safe; can lower glucose; rare insulin-autoimmune syndrome,300-600 mg/day,OTC supplement (Rx for neuropathy abroad),otc,"Evidence is disease-specific, not longevity; flagship neuropathy RCT missed its primary endpoint",Mitochondrial dysfunction; Chronic inflammation; Deregulated nutrient sensing,"Ziegler et al., NATHAN-1, Diab Care 2011 — Missed primary endpoint; improved some neuropathy measures [https://diabetesjournals.org/care/article/34/9/2054/38685/]",https://diabetesjournals.org/care/article/34/9/2054/38685/
61,infrared-sauna,Infrared Sauna,thermal,Radiant heat therapy,human-rct-surrogate,52,56,42,82,57,B,"Lower-temperature radiant heat raises core temperature, improving endothelial function and cardiac output","Best evidence is the Japanese Waon-therapy program in chronic heart failure — small RCTs show improved cardiac function, exercise tolerance and lower BNP. Surrogate/functional endpoints in disease populations, mostly from one research group; no healthy-population longevity data.",CHF: improved ejection fraction/BNP/6-min walk; healthy longevity effect unknown,RCTs positive in heart failure; no healthy-population longevity data,Generally safe; lower thermal load than traditional sauna,Waon: ~60C 15 min + 30 min rest,"Clinical (Japan, CHF); consumer units unregulated",lifestyle,Most positive data from one group in heart-failure patients; consumer units differ from clinical Waon,Altered intercellular communication; Chronic inflammation,"Tei/Kihara, Waon therapy (CHF) — Improved cardiac function and exercise tolerance in CHF [https://pubmed.ncbi.nlm.nih.gov/11869837/]",https://pubmed.ncbi.nlm.nih.gov/11869837/
62,dasatinib-quercetin,Senolytics: Dasatinib + Quercetin,senolytic,Senolytic combination,human-rct-surrogate,56,46,68,55,56,B,Transiently kills senescent cells by disabling their pro-survival pathways,"The best-validated senolytic combination in humans, but evidence is early-phase and mostly on biomarkers/feasibility. Small trials show reduced senescent-cell burden (diabetic kidney disease) and improved physical function (IPF); a 2025 Alzheimer's pilot was single-arm. No placebo-controlled hard-outcome win yet.",Large in mice (healthspan); human clinical benefit unproven,"Small early-phase RCTs; target engagement shown, efficacy not","Dasatinib (a chemo drug) carries cytopenias, effusions, bleeding risk; intermittent dosing","Intermittent 'hit-and-run' (e.g. 2-3 days, repeated)",Investigational; dasatinib off-label,experimental,Dasatinib is a real chemo agent; no placebo-controlled hard-outcome win; DIY use hazardous,Cellular senescence; Chronic inflammation; Altered intercellular communication,"Hickson et al., EBioMedicine 2019 — 3-day D+Q reduced senescent-cell markers and SASP in patients [https://www.ncbi.nlm.nih.gov/pmc/articles/PMC6796530/] | Justice et al., EBioMedicine 2019 — Improved 6-min walk/gait in small IPF pilot [https://www.sciencedirect.com/science/article/pii/S2352396418306297]",https://www.ncbi.nlm.nih.gov/pmc/articles/PMC6796530/ | https://www.sciencedirect.com/science/article/pii/S2352396418306297
63,vitamin-k2-mk7,Vitamin K2 (MK-7),supplement,Fat-soluble vitamin,human-cohort,54,52,38,86,56,B,Carboxylates matrix-Gla protein (inhibits vascular calcification) and osteocalcin (bone),"Strong observational case (Rotterdam Study linked high intake to ~50% lower aortic calcification and ~25% lower all-cause mortality), with a well-established mechanism — but RCTs have been largely null on hard calcification/clinical endpoints.",Large cohort associations; RCTs mostly null on hard endpoints,"Strong observational + mechanism, but RCTs underwhelming",Very safe; interacts with warfarin,90-200 ug/day MK-7,OTC supplement,otc,'Reverses arterial calcification' claims rest on cohorts/surrogates; RCTs have largely failed to confirm,Altered intercellular communication; Chronic inflammation,"Geleijnse et al., Rotterdam Study — Highest K2 intake: ~25% lower all-cause mortality [https://doi.org/10.1093/jn/134.11.3100] | K2+D aortic-valve RCT, Circulation 2022 — No significant slowing of calcification [https://www.ahajournals.org/doi/10.1161/CIRCULATIONAHA.121.057008]",https://doi.org/10.1093/jn/134.11.3100 | https://www.ahajournals.org/doi/10.1161/CIRCULATIONAHA.121.057008
64,silymarin-milk-thistle,Silymarin (Milk Thistle),botanical,Flavonolignan complex,human-rct-surrogate,56,56,32,84,56,B,Hepatoprotective antioxidant; reduces lipid peroxidation and inflammation in liver,"Best evidence is for liver biomarkers: meta-analyses show silymarin lowers transaminases and improves liver fat in NAFLD/NASH. Surrogate (enzymes/imaging), not histological hard outcomes; bioavailability poor. A liver-targeted, not general-longevity, agent.",ALT/AST reductions; modest liver-fat improvement,Good RCT/meta evidence for liver surrogates; no hard-outcome data,Very well tolerated; mild GI; CYP/UGT interactions,~420 mg/day silymarin,Supplement / liver-disease adjunct,otc,"Poor bioavailability; benefit is liver-specific, not systemic anti-aging",Chronic inflammation; Mitochondrial dysfunction; Genomic instability,NAFLD meta-analysis 2024 (26 trials) — Improved liver enzymes and hepatic fat [https://doi.org/10.1016/j.aohep.2023.101174],https://doi.org/10.1016/j.aohep.2023.101174
65,nicotinamide-riboside,NR (Nicotinamide Riboside),nad,NAD+ precursor (vitamin B3),human-rct-surrogate,52,55,35,80,55,C,"Converted via NMN to NAD+, supporting sirtuin/PARP/mitochondrial function","The best-studied NAD+ precursor in humans — dependably raises NAD+, but clinical benefits are limited and inconsistent and it did NOT extend lifespan in the rigorous ITP. The NICE trial improved 6-min walk only modestly; other trials were largely null.",Reliably raises NAD+; small/mostly-null clinical effects; no mouse lifespan extension,Many RCTs confirming NAD+ rise and safety; benefits modest/heterogeneous,Very good; safe up to 2 g/day in trials,300-1000 mg/day,Widely sold supplement,otc,Did NOT extend lifespan in the gold-standard ITP; biomarker change != healthspan benefit,Deregulated nutrient sensing; Mitochondrial dysfunction; Chronic inflammation,"NICE trial, Nat Commun 2024 — 1000 mg/d improved 6-min walk +17.6 m (small) [https://www.ncbi.nlm.nih.gov/pmc/articles/PMC11176364/] | NIA ITP 2021 — NR did not extend mouse lifespan [https://doi.org/10.1111/acel.13328]",https://www.ncbi.nlm.nih.gov/pmc/articles/PMC11176364/ | https://doi.org/10.1111/acel.13328
66,melatonin,Melatonin,supplement,Indoleamine hormone,human-rct-surrogate,56,58,35,70,55,C,Circadian regulator; potent mitochondrial antioxidant and anti-inflammatory,"Strong for sleep-onset/circadian use and a good mitochondrial antioxidant, but longevity 'mortality benefit' claims rest on animal/mechanistic data. New 2025 cohort data link long-term use to higher heart-failure and mortality — possibly confounding, but it tempers the 'safe longevity supplement' narrative.",Reliable for sleep latency; mortality effect unproven and possibly adverse,"Good for sleep; longevity benefit unproven, 2025 safety signal",Short-term very safe; 2025 data flag possible HF/mortality association with chronic use,0.5-3 mg before bed,OTC (US); Rx in much of EU/UK,otc,"Hyped as anti-aging antioxidant, but human longevity evidence weak and a 2025 safety question exists",Mitochondrial dysfunction; Chronic inflammation; Altered intercellular communication,AHA 2025 cohort — Long-term use linked to ~89% higher incident HF and ~2x mortality (observational) [https://www.ahajournals.org/doi/10.1161/circ.152.suppl_3.4371606],https://www.ahajournals.org/doi/10.1161/circ.152.suppl_3.4371606
67,ashwagandha,Ashwagandha,botanical,Adaptogenic herb (withanolides),human-rct-surrogate,56,58,32,75,55,C,HPA-axis modulation lowering cortisol; GABAergic/serotonergic and antioxidant effects,"One of the better-supported adaptogens for stress: meta-analyses of ~15 RCTs show significant reductions in perceived stress, anxiety and cortisol. Short-term and symptom/biomarker based; no aging/lifespan outcomes.",Perceived-stress and cortisol reductions,Good short-term RCT evidence for stress/anxiety; no longevity endpoints,"Generally well tolerated short term; a recognized idiosyncratic cholestatic liver-injury signal (rare, incl. isolated acute liver failure); may affect thyroid; caution in autoimmune/pregnancy",300-600 mg/day standardized root extract,Supplement / Ayurvedic herb,otc,Perceived-stress benefit is contested across 2025 meta-analyses (cortisol reduction more consistent); a documented idiosyncratic liver-injury signal; extract heterogeneity,Altered intercellular communication; Chronic inflammation; Mitochondrial dysfunction,"Stress/anxiety meta-analysis, BJPsych Open 2025 — Reduced Perceived Stress Scale, HAM-A and serum cortisol [https://pmc.ncbi.nlm.nih.gov/articles/PMC12242034/]",https://pmc.ncbi.nlm.nih.gov/articles/PMC12242034/
68,oleuropein-olive-leaf,Oleuropein / Olive Leaf Extract,botanical,Secoiridoid phenolics,human-rct-surrogate,52,54,34,84,55,C,NO-mediated vasodilation and antioxidant signaling; modest insulin-sensitizing effects,RCT meta-analyses show olive leaf extract lowers systolic BP (~4-5 mmHg) and triglycerides; olive polyphenol (hydroxytyrosol) carries an EFSA claim for LDL-oxidation protection. Surrogate endpoints; no hard-outcome RCT.,SBP -4-5 mmHg; triglyceride reductions,RCT/meta evidence for BP/lipid surrogates; no hard-outcome data,Very well tolerated; additive with antihypertensives,~500-1000 mg/day OLE,Supplement (EFSA olive-polyphenol claim),otc,Glucose effects inconsistent; oleuropein content varies,Altered intercellular communication; Chronic inflammation; Deregulated nutrient sensing,OLE CV meta-analysis 2022 (12 studies) — SBP -3.9 mmHg; in hypertensives SBP -4.8 mmHg [https://www.ncbi.nlm.nih.gov/pmc/articles/PMC9585795/],https://www.ncbi.nlm.nih.gov/pmc/articles/PMC9585795/
69,red-light-therapy-pbm,Red Light Therapy / Photobiomodulation,thermal,Photobiomodulation,human-rct-surrogate,52,55,38,80,55,C,Red/near-infrared photons absorbed by cytochrome c oxidase boost mitochondrial ATP and modulate inflammation,"The mechanism is well established, and human RCTs support specific dermatologic (wrinkles, wound healing) and musculoskeletal pain endpoints. An umbrella review found benefits across outcomes but rated certainty low-to-moderate with non-standardized protocols; no aging/lifespan outcomes.","Outcome-specific: skin rejuvenation, wound healing, some pain",Multiple RCTs for surrogate endpoints; nothing on aging/lifespan,Very safe for skin; eye protection needed; dose-response is biphasic,"630-850nm, ~10-60 J/cm2, minutes per area",FDA-cleared for specific indications; broad anti-aging claims unproven,otc,Strong mechanism but longevity claims extrapolate from surrogate/in-vitro data; protocols not standardized,Mitochondrial dysfunction; Chronic inflammation; Altered intercellular communication,"Umbrella review, Syst Rev 2025 — Improved pain/skin/mucositis outcomes; certainty low-to-moderate [https://doi.org/10.1186/s13643-025-02902-3]",https://doi.org/10.1186/s13643-025-02902-3
70,whole-body-vibration,Whole-Body Vibration,therapy,Mechanical/neuromuscular stimulus,human-rct-surrogate,54,58,32,80,55,C,Mechanical accelerations stimulate reflexive muscle contraction and bone mechanotransduction,"Meta-analyses in older adults show modest, region-specific bone-density gains and improved strength/balance/fall measures, but effects are inconsistent across skeletal sites. No mortality or systemic aging outcomes.",Small site-specific BMD gains; modest strength/balance improvement,RCTs positive for BMD/strength surrogates; no longevity data,"Generally safe; caution with thrombosis, recent fractures, pregnancy","~20-40 Hz, minutes/session, 3x/wk",Used in physiotherapy/fitness,otc,"Benefits modest, site-dependent, limited to musculoskeletal surrogates",Stem cell exhaustion; Altered intercellular communication,"WBV meta-analysis 2026 (1,447 older adults) — BMD gains at trochanter/Ward's; inconsistent at femoral neck/spine across meta-analyses [https://doi.org/10.1186/s12891-026-09504-7]",https://doi.org/10.1186/s12891-026-09504-7
71,ginkgo-biloba,Ginkgo Biloba,botanical,Standardized leaf extract,human-rct-hard,58,58,30,70,54,C,Improves microcirculation/cerebral blood flow; antioxidant; PAF antagonism,"For treating existing mild dementia, EGb 761 at 240 mg/day shows benefits on cognition and function. But for prevention it FAILED: the large GEM and GuidAge trials showed it does not prevent dementia in healthy older adults. A symptomatic agent, not a prevention/longevity tool.",Modest symptomatic benefit in established dementia; no preventive benefit,"Positive for treating dementia, clearly negative for prevention",Generally well tolerated; antiplatelet/bleeding risk,EGb 761 240 mg/day,Supplement (Rx phytomedicine in EU),otc,Does not prevent dementia/aging despite popular belief; bleeding risk,Altered intercellular communication; Chronic inflammation; Mitochondrial dysfunction,"GEM Study, JAMA 2008 — Did NOT reduce incidence of dementia/Alzheimer's [https://doi.org/10.1001/jama.2008.683] | GuidAge, Lancet Neurol 2012 (n>2,800) — Long-term EGb 761 did NOT prevent Alzheimer's in elders with memory complaints [https://pubmed.ncbi.nlm.nih.gov/22959217/] | EGb 761 mild-dementia meta-analysis — 240 mg/d superior to placebo for cognition/ADL [https://doi.org/10.1080/15622975.2024.2446830]",https://doi.org/10.1001/jama.2008.683 | https://pubmed.ncbi.nlm.nih.gov/22959217/ | https://doi.org/10.1080/15622975.2024.2446830
72,saffron-crocin,Saffron (Crocin),botanical,Carotenoid-rich spice,human-rct-surrogate,56,58,30,74,54,C,Serotonergic/dopaminergic modulation; antioxidant and anti-inflammatory effects,"A relatively strong RCT base for mood: 20+ RCTs and meta-analyses show large effects for depression and anxiety, comparable to SSRIs with fewer adverse events. Endpoints are psychiatric scales, not aging; trials mostly short and group-clustered.",Clinically meaningful antidepressant/anxiolytic effect,Good RCT/meta evidence for mood; no longevity data,Well tolerated at supplement doses; high doses (>1.5 g) toxic; avoid in pregnancy,~30 mg/day standardized extract,Supplement / spice,otc,Dose-toxicity margin and frequent adulteration; trials short/group-clustered,Chronic inflammation; Altered intercellular communication; Mitochondrial dysfunction,Depression/anxiety meta-analysis — Large effect vs placebo (g~0.99); comparable to SSRIs [https://academic.oup.com/nutritionreviews/article/77/8/557/5499264],https://academic.oup.com/nutritionreviews/article/77/8/557/5499264
73,bacopa-monnieri,Bacopa Monnieri,botanical,Nootropic herb (bacosides),human-rct-surrogate,52,54,30,76,53,C,"Cholinergic modulation, dendritic/synaptic effects, hippocampal antioxidant action","Meta-analyses with chronic (>=12 week) dosing show improved cognition, especially attention speed and memory; ranks among top botanicals for executive function in older adults. Effects modest, require sustained dosing; cognitive surrogates only.",Small improvements in attention speed and memory,Multiple RCTs for cognitive surrogates; no longevity data,Generally well tolerated; dose-related GI effects common,300 mg/day standardized (>=12 weeks),Supplement / Ayurvedic herb,otc,Requires weeks of dosing; GI side effects; modest effect sizes,Chronic inflammation; Altered intercellular communication; Genomic instability,Bacopa cognition meta-analysis — Improved speed of attention with chronic dosing [https://pubmed.ncbi.nlm.nih.gov/24252493/],https://pubmed.ncbi.nlm.nih.gov/24252493/
74,dhea,DHEA,hormone,Adrenal steroid precursor,human-rct-surrogate,56,55,30,70,53,C,Adrenal prohormone converted to androgens/estrogens; weak direct receptor activity,"RCTs and a meta-analysis show at most small, sex-specific effects (modest BMD gain in older women, slight body-composition changes in men) and no consistent benefit for muscle, cognition or well-being. No mortality or anti-aging endpoint met despite age-related decline of DHEA-S.",Small lumbar-spine BMD gain in women; minor body-composition shifts; no longevity effect,Multiple RCTs; marginal sex-specific benefits,Generally tolerated at 50 mg/d; androgenic effects; theoretical hormone-sensitive cancer concern,25-50 mg/day oral,OTC supplement (US); WADA-banned,otc,Popular as anti-aging but evidence shows only marginal surrogate benefits and no survival effect,Altered intercellular communication; Stem cell exhaustion,"Corona et al., JCEM 2013 meta-analysis — Small body-composition gain in men; no clear clinical benefit [https://doi.org/10.1210/jc.2013-1358] | Weiss/Villareal DHEA-bone RCTs (50 mg/d) — Modest lumbar-spine BMD gain in older women; no bone benefit in men [https://pubmed.ncbi.nlm.nih.gov/19321570/]",https://doi.org/10.1210/jc.2013-1358 | https://pubmed.ncbi.nlm.nih.gov/19321570/
75,nmn,NMN,nad,NAD+ precursor,human-rct-surrogate,48,50,38,76,52,C,"Converted to NAD+ to support sirtuins, DNA repair and mitochondrial metabolism","Reliably raises blood NAD+ and a few small RCTs report modest functional signals (walking speed, aerobic capacity), but evidence is limited, mixed and surrogate. No hard-outcome or lifespan data; NMN was never tested in the ITP (its relative NR was, and failed).","Reliably raises NAD+; modest, inconsistent functional gains",Several small short RCTs (surrogate endpoints),Well tolerated up to 1200 mg/d short-term; long-term unknown,250-900 mg/day,Supplement (US regulatory limbo),otc,Raising NAD+ does not prove longevity benefit; trials small/short; US status contested,Deregulated nutrient sensing; Mitochondrial dysfunction; Altered intercellular communication,"Igarashi et al., 2024 RCT — 250 mg/d x12wk maintained walking speed (vs decline on placebo) and improved sleep in older adults [https://doi.org/10.1007/s11357-024-01204-1] | Liao et al., 2021 RCT — Dose-dependent aerobic-capacity gains in runners [https://doi.org/10.1186/s12970-021-00442-4]",https://doi.org/10.1007/s11357-024-01204-1 | https://doi.org/10.1186/s12970-021-00442-4
76,niacin,Niacin (Nicotinic Acid),nad,NAD+ precursor / lipid agent,human-rct-surrogate,60,55,35,55,52,C,Salvaged to NAD+ (Preiss-Handler); activates GPR109A (flushing); modifies lipids,"Striking NAD+-restoration in a rare disease (mitochondrial myopathy) — niacin normalized muscle NAD+ and improved strength. But as a lipid drug, large CV outcome trials (HPS2-THRIVE) found no benefit and more harm, and a metabolite (4PY) may raise CV risk. 'More niacin' is not benign.",Disease-specific NAD+ rescue; null/harmful for general CV prevention at high dose,Strong in a niche deficiency disease; harmful in large CV trials,"Marked flushing; high doses cause hepatotoxicity, hyperglycaemia, gout; CV harm signal",Disease: 750-1000 mg/d; RDA ~14-16 mg,Vitamin / Rx lipid agent,otc,NAD+ rescue specific to mitochondrial myopathy; high-dose niacin failed/harmed in CV trials,Mitochondrial dysfunction; Deregulated nutrient sensing; Altered intercellular communication,"Pirinen et al., Cell Metab 2020 — Restored muscle NAD+ and strength in mitochondrial myopathy [https://www.cell.com/cell-metabolism/fulltext/S1550-4131(20)30190-X] | HPS2-THRIVE, NEJM 2014 — No CV benefit, increased adverse effects (>25,000 patients) [https://www.nejm.org/doi/full/10.1056/NEJMoa1300955]",https://www.cell.com/cell-metabolism/fulltext/S1550-4131(20)30190-X | https://www.nejm.org/doi/full/10.1056/NEJMoa1300955
77,carnosine,Carnosine / L-Carnosine,supplement,Endogenous dipeptide (anti-glycation),human-rct-surrogate,46,48,35,84,52,C,"Anti-glycation carbonyl scavenger, pH buffer, antioxidant, metal chelator","Mechanistically attractive anti-glycation dipeptide. RCTs (2 g/d) show improved glycaemic control and some cognitive-speed gains, but cognitive benefit appeared only in the youngest subgroup; rapidly degraded by serum carnosinase (bioavailability issue).",Modest glycaemic improvement; age-dependent cognitive effect,Small RCTs on glycaemia/cognition; bioavailability-limited,Well tolerated at gram doses,1-2 g/day,OTC supplement,otc,Serum carnosinase rapidly degrades oral carnosine; benefits small and not shown for aging in older adults,Loss of proteostasis; Chronic inflammation; Cellular senescence,de Courten et al. RCT — Improved glucose control in pre-diabetes/T2DM [https://doi.org/10.1016/j.numecd.2023.10.012],https://doi.org/10.1016/j.numecd.2023.10.012
78,hesperidin,Hesperidin,botanical,Citrus flavanone glycoside,human-rct-surrogate,47,48,32,86,52,C,Improves endothelial function and NO bioavailability; anti-inflammatory/antioxidant,"A 2023 dose-response meta-analysis (13 RCTs) found hesperidin significantly lowers LDL (~5 mg/dL); fasting glucose and CRP were non-significant overall (positive only in subgroups), and adhesion molecules were not assessed. Endothelial/FMD improvement (~2-2.5%) is seen in separate small RCTs. Surrogate endpoints; bioavailability poor and microbiome-dependent.",Modest LDL reduction; improved FMD in small RCTs; glucose/inflammation effects inconsistent,Meta-analysis shows LDL reduction; glucose/CRP null overall; no longevity data,Very well tolerated; additive with antihypertensives,~500 mg/day,Supplement / food component,otc,Low/variable bioavailability dependent on gut microbiota,Altered intercellular communication; Chronic inflammation,"Cardiometabolic meta-analysis, Front Nutr 2023 (13 RCTs) — LDL -5.3 mg/dL (significant); fasting glucose and CRP non-significant overall [https://doi.org/10.3389/fnut.2023.1177708] | Citrus/orange-juice RCTs — Improved FMD ~2-2.5% in elevated-BP subjects",https://doi.org/10.3389/fnut.2023.1177708
79,cold-water-immersion,Cold Exposure / Cold-Water Immersion,thermal,Cold hormesis / thermogenesis,human-rct-surrogate,50,55,40,65,52,C,"Cold activates brown fat and mitochondrial biogenesis, raises norepinephrine and improves insulin sensitivity","Small trials show cold activates brown fat, raises energy expenditure and insulin sensitivity (~40% in one mild-cold protocol); norepinephrine/mood effects are reproducible. No human longevity evidence, and acute immersion carries real cardiovascular and drowning risk.",Insulin sensitivity +~40% (mild cold); large transient norepinephrine surge,Surrogate/metabolic RCTs; no longevity/hard-outcome data,"Acute cold-shock, arrhythmia, drowning, post-immersion hypotension; dangerous with cardiac disease","~10-15 min/wk cumulative at ~10-15C, or short plunges",Wellness practice,lifestyle,Metabolic effects real but small/short-lived; no human longevity evidence and non-trivial acute danger,Mitochondrial dysfunction; Deregulated nutrient sensing; Chronic inflammation,"van der Lans et al., JCI 2013 — 10 days mild cold improved insulin sensitivity ~43% and recruited brown fat [https://doi.org/10.1172/JCI68993]",https://doi.org/10.1172/JCI68993
80,nr-pterostilbene,NR + Pterostilbene,nad,NAD+ precursor + stilbenoid combination,human-rct-surrogate,48,52,33,76,51,C,NR raises NAD+ while pterostilbene is proposed to activate sirtuins (synergy unproven),"Reliably raises NAD+ and is safe, but human clinical benefit is weak and synergy unproven — the pivotal NAFLD RCT MISSED its primary endpoint (no change in liver fat).",Reliable NAD+ rise; weak/subset-only functional signals; primary NAFLD endpoint negative,Several RCTs; safe but mostly null clinical outcomes,Well tolerated,250 mg NR + 50 mg pterostilbene/day,Branded supplement (Basis),otc,Heavily marketed but pivotal trial missed its primary endpoint; pterostilbene's added benefit unproven,Deregulated nutrient sensing; Mitochondrial dysfunction; Chronic inflammation,"Dellinger et al., Hepatology 2023 — NRPT missed primary NAFLD endpoint (hepatic fat unchanged) [https://onlinelibrary.wiley.com/doi/full/10.1002/hep.32778]",https://onlinelibrary.wiley.com/doi/full/10.1002/hep.32778
81,glycine,Glycine,supplement,Amino acid (glutathione precursor),animal-other,46,38,40,88,51,C,Glutathione precursor; one-carbon/methionine modulation; possible methionine-restriction mimetic,Promising animal data — glycine modestly extended median lifespan in the ITP and in worms. Human data limited to short-term metabolic/sleep endpoints and to its role within GlyNAC; no standalone longevity trials.,Modest mouse median-lifespan extension; human effects metabolic/sleep only,No human longevity trials,Very safe; GI upset at high doses,3-15 g/day,OTC supplement (GRAS),otc,Most aging evidence animal/mechanistic or bundled with NAC,Loss of proteostasis; Mitochondrial dysfunction; Deregulated nutrient sensing,NIA ITP 2019 — Small but significant median-lifespan increase in mice [https://pubmed.ncbi.nlm.nih.gov/30916479/],https://pubmed.ncbi.nlm.nih.gov/30916479/
82,taurine,Taurine,supplement,Amino-acid derivative,animal-other,46,35,45,88,51,C,"Osmolyte/antioxidant supporting mitochondria, calcium handling and reduced senescence","A 2023 Science paper showed taurine extended mouse lifespan ~10-12% and improved healthspan in mice/monkeys — but a 2025 NIH follow-up found taurine does NOT decline with age in humans/monkeys/mice, undercutting the core premise. No human lifespan RCT.",~+10-12% mouse lifespan; human longevity effect unknown,No human lifespan RCT; 2025 data question the rationale,Very safe at gram doses,1-6 g/day (RCTs ongoing),OTC supplement (GRAS),otc,High-profile 2023 result contested by 2025 human/primate data — strong hype-vs-evidence gap,Mitochondrial dysfunction; Cellular senescence; Chronic inflammation,"Singh et al., Science 2023 — +10-12% mouse median lifespan; healthspan gains [https://doi.org/10.1126/science.abn9257] | Fernandez et al., Science 2025 — Taurine does not decline with age in humans/primates (contests biomarker premise) [https://doi.org/10.1126/science.adl2116]",https://doi.org/10.1126/science.abn9257 | https://doi.org/10.1126/science.adl2116
83,panax-ginseng,Panax Ginseng,botanical,Adaptogenic herb (ginsenosides),human-rct-surrogate,50,52,30,72,51,C,"Ginsenoside effects on CNS, anti-fatigue, anti-inflammatory and antioxidant signaling","Meta-analyses suggest modest benefits for cognition and fatigue, with small trials showing improved memory and reduced stress. Trials are heterogeneous in preparation/dose; outcomes are cognitive/symptom surrogates with no longevity data.",Modest cognitive and anti-fatigue effects,Multiple RCTs for cognition/fatigue surrogates; no longevity data,"Generally safe; insomnia, headache; may lower glucose; warfarin interaction",200-400 mg/day standardized extract,Supplement / traditional medicine,otc,Heterogeneous preparations and modest effect sizes,Chronic inflammation; Altered intercellular communication; Mitochondrial dysfunction,"Cognition meta-analysis, Phytother Res 2024 — Improves aspects of cognitive function vs control [https://doi.org/10.1002/ptr.8359]",https://doi.org/10.1002/ptr.8359
84,protein-methionine-restriction,Protein / Methionine Restriction,diet,Selective amino-acid restriction,animal-other,50,45,50,60,51,C,"Lowering protein/methionine downregulates mTORC1 and IGF-1, shifting toward stress resistance and autophagy","Methionine restriction robustly extends lifespan in rodents/flies. Short human trials lower IGF-1/LDL, and cohorts link high protein in midlife to higher mortality but the OPPOSITE after 65. Strongly age-dependent; no human lifespan RCT.",Animal lifespan +30-40% (methionine restriction); human surrogate/age-stratified signals,Short metabolic trials + cohorts; no lifespan RCT; age-dependent,"Risk of sarcopenia/frailty, esp. in elderly; hard to achieve without near-vegan diet",Moderate protein (~0.8 g/kg) midlife; plant-forward,Investigational,lifestyle,Strongly age-dependent — beneficial midlife but harmful (sarcopenia) in older adults,Deregulated nutrient sensing; Disabled macroautophagy; Cellular senescence; Loss of proteostasis,"Levine et al., Cell Metab 2014 (NHANES) — High protein at 50-65 linked to higher mortality; reversed after 65 [https://doi.org/10.1016/j.cmet.2014.02.006]",https://doi.org/10.1016/j.cmet.2014.02.006
85,ketogenic-diet,Ketogenic Diet,diet,Very-low-carb high-fat diet,human-cohort,50,52,38,65,51,C,"Carb restriction shifts fuel to ketones (BHB, an HDAC inhibitor/signaling molecule)","Longevity evidence is mixed/weak: one NHANES analysis linked a higher ketogenic ratio to ~24% lower mortality, yet other cohorts find animal-based very-low-carb associated with HIGHER mortality, and keto often raises LDL. Mouse cyclic-keto reduced midlife mortality. No long-term human RCT for lifespan.",Mixed: one cohort -24% mortality; others higher; LDL often rises,Conflicting cohort data; no lifespan RCT,"LDL elevation in many; keto flu, nutrient gaps; fat source matters","~20-50 g carb/day, high fat",Investigational for longevity,lifestyle,Longevity evidence contradictory; CV safety depends heavily on fat source,Deregulated nutrient sensing; Mitochondrial dysfunction; Chronic inflammation; Epigenetic alterations,"Newman et al., Cell Metab 2017 (mice) — Cyclic keto reduced midlife mortality and improved memory in aging mice [https://doi.org/10.1016/j.cmet.2017.08.004] | Roberts et al., Cell Metab 2017 (mice) — Continuous keto extended median lifespan and preserved function in adult mice [https://doi.org/10.1016/j.cmet.2017.08.005] | Seidelmann et al., Lancet PH 2018 — U-shaped carb-mortality; animal-based low-carb worse [https://doi.org/10.1016/S2468-2667(18)30135-X]",https://doi.org/10.1016/j.cmet.2017.08.004 | https://doi.org/10.1016/j.cmet.2017.08.005 | https://doi.org/10.1016/S2468-2667(18)30135-X
86,contrast-therapy,Contrast Therapy (Hot-Cold),thermal,Alternating thermal hormesis,human-rct-surrogate,46,52,28,80,51,C,Alternating vasodilation/vasoconstriction acts as a vascular pump and modulates autonomic tone,"Meta-analyses in athletes show contrast therapy reduces muscle soreness/strength loss better than passive rest, but not clearly better than cold-water immersion. Evidence is confined to short-term exercise recovery; no aging/healthspan data.",Moderate reduction in soreness/strength loss vs rest,Recovery RCTs only; no longevity evidence,Generally safe; combines heat and cold cautions,"~1 min cold / 1-2 min hot, ~10-15 min total",Sports-recovery practice,lifestyle,Benefits limited to acute recovery; no evidence it affects aging biology,Altered intercellular communication; Chronic inflammation,"Bieuzen et al., PLOS ONE 2013 — Reduced soreness/strength loss vs passive recovery [https://journals.plos.org/plosone/article?id=10.1371/journal.pone.0062356]",https://journals.plos.org/plosone/article?id=10.1371/journal.pone.0062356
87,msc-therapy,Mesenchymal Stem Cell Therapy,frontier,Allogeneic cell therapy,human-rct-surrogate,52,50,45,55,51,C,Infused MSCs act mainly via paracrine/immunomodulatory signaling to reduce inflammation and improve function,"Longeveron's randomized Phase 2b (n=148, age 70+) for aging frailty did NOT meet its prespecified primary 6-minute-walk endpoint overall, but showed a significant dose-response — higher-dose arms improved 6MWT vs placebo with supportive patient-reported outcomes (Cell Stem Cell 2026). Among the better-controlled aging cell-therapy trials, but on functional surrogates; the wider 'stem cell clinic' market is largely unproven and risky.",Dose-dependent 6-min-walk improvement (higher-dose arms); primary endpoint not met overall,One randomized Phase 2b positive on function; no hard-outcome/longevity data,Generally well tolerated; infusion reactions; unregulated clinics pose real risks,Single IV infusion of allogeneic MSCs,Investigational (frailty); many illegitimate clinics,experimental,Primary endpoint missed; benefit limited to higher-dose subgroups on functional surrogates; commercial market largely unproven/risky,Chronic inflammation; Stem cell exhaustion; Altered intercellular communication,"Longeveron Phase 2b (Lomecel-B), Cell Stem Cell 2026 — Primary 6MWT endpoint not met overall; significant dose-response, higher-dose arms improved 6MWT vs placebo [https://doi.org/10.1016/j.stem.2026.01.017]",https://doi.org/10.1016/j.stem.2026.01.017
88,quercetin,Quercetin,senolytic,Flavonol polyphenol,human-rct-surrogate,45,45,35,80,50,C,"Weak standalone senolytic (potentiated by dasatinib); anti-inflammatory, mild BP/glucose effects","As a standalone senolytic, quercetin is weak and cell-type-selective; most human senolytic data come from D+Q, not quercetin alone. Standalone RCTs show modest BP/glucose effects; bioavailability is poor.","Modest, cell-type-selective senolysis; small BP/glucose effects",Limited standalone; mostly studied within D+Q,Very safe at supplement doses; CYP3A4/P-gp interactions,500-1000 mg/day,Widely sold supplement,otc,Poor bioavailability and weak standalone senolytic activity; 'food senolytic' marketing overstated,Cellular senescence; Chronic inflammation; Altered intercellular communication,"Zhu et al., Aging Cell 2015 — Senolytic for senescent endothelial cells but not preadipocytes; D+Q broader [https://onlinelibrary.wiley.com/doi/10.1111/acel.12344] | Quercetin BP meta-analysis — SBP -3 mmHg at >=500 mg/day [https://doi.org/10.1161/JAHA.115.002713]",https://onlinelibrary.wiley.com/doi/10.1111/acel.12344 | https://doi.org/10.1161/JAHA.115.002713
89,ubx1325,UBX1325 (foselutoclax),senolytic,Intravitreal BCL-xL inhibitor,human-rct-surrogate,58,40,35,70,50,C,Inhibits BCL-xL to kill senescent cells in diseased retinal vasculature,"The most advanced senolytic in human trials — but in eye disease, on a surrogate (visual acuity), via local injection. In Phase 2b ASPIRE a single injection MISSED the primary non-inferiority endpoint vs aflibercept at weeks 20/24, reaching non-inferiority (not superiority) only by week 36. Says little about systemic aging.","~+5 letters visual-acuity gain; missed primary endpoint (reached non-inferiority, not superiority, to aflibercept by wk36)","Controlled Phase 2/2b ophthalmology data (local, not systemic)",Well tolerated intravitreally,Single intravitreal 10 ug injection,Investigational (DME),clinic-only,Strongest human senolytic data but confined to retinal disease and surrogate endpoints,Cellular senescence; Altered intercellular communication; Chronic inflammation,"ASPIRE Phase 2b 2025 (n=52) — +5.2 letters at 24wk; missed the primary non-inferiority endpoint at wk20/24, reached non-inferiority by wk36; no intraocular inflammation [https://clinicaltrials.gov/study/NCT06011798]",https://clinicaltrials.gov/study/NCT06011798
90,ca-akg,Calcium Alpha-Ketoglutarate,supplement,TCA-cycle metabolite salt,animal-other,44,35,48,82,50,C,"Co-substrate for dioxygenases (TET/JmjC); modulates epigenetic methylation, mTOR and inflammation",Best evidence is animal: in aged mice Ca-AKG extended lifespan ~12% and cut frailty ~46%. Human evidence is weak — the cited 'biological age -8 years' came from a small uncontrolled retrospective pilot; the controlled RCT (ABLE) is unpublished.,"Mouse healthspan/frailty large, lifespan ~12%; human 'age reversal' uncontrolled",Only a small uncontrolled retrospective pilot,Well tolerated; AKG is endogenous,~1 g/day sustained-release,OTC supplement,otc,Marketed '8 years younger' rests on an uncontrolled n=42 pilot; controlled proof pending,Epigenetic alterations; Chronic inflammation; Deregulated nutrient sensing,"Asadi Shahmirzadi et al., Cell Metab 2020 — Reduced frailty ~46% and extended lifespan (significant in females: median +16.6%; NS in males) [https://pubmed.ncbi.nlm.nih.gov/32877690/]",https://pubmed.ncbi.nlm.nih.gov/32877690/
91,thymosin-alpha-1,Thymosin Alpha-1,hormone,Immunomodulatory peptide,human-rct-hard,56,50,30,65,50,C,"Modulates T-cell maturation and dendritic/TLR signaling, restoring lymphocyte function","Approved in several countries for hepatitis B/C with a good safety record, but its 'immune rejuvenation' longevity claim is weakly supported: the large Phase-3 TESTS sepsis trial found no overall mortality reduction. No RCT shows it slows aging in healthy adults.",Restores T-cell function in immunocompromised states; no proven mortality/anti-aging benefit,Approved abroad for hepatitis; sepsis/COVID data largely neutral,Very well tolerated; injection-site reactions; not FDA-approved in US,1.6 mg SC twice weekly (hepatitis regimen),Approved abroad; not FDA-approved,clinic-only,"Real immunomodulatory effect, but 'anti-aging' use rests on weak/negative controlled evidence",Altered intercellular communication; Chronic inflammation,"Wu et al., TESTS, BMJ 2025 (n=1,106) — 28-day all-cause mortality 23.4% vs 24.1% (HR 0.99); no overall sepsis-mortality reduction [https://pubmed.ncbi.nlm.nih.gov/39814420/]",https://pubmed.ncbi.nlm.nih.gov/39814420/
92,pqq,PQQ (Pyrroloquinoline Quinone),supplement,Redox cofactor (mitochondrial biogenesis),human-rct-surrogate,42,45,35,80,49,C,Stimulates mitochondrial biogenesis (PGC-1a/CREB) and acts as a redox antioxidant,"One of few compounds shown to stimulate mitochondrial biogenesis in mammals. Small human RCTs report improved fatigue/sleep and raised BDNF/cognition in MCI, but all are small, short and surrogate.",Modest fatigue/sleep and BDNF/cognitive-biomarker improvements,Only small short-term RCTs,Well tolerated; long-term data limited,10-20 mg/day,OTC supplement (GRAS),otc,"Tiny, short trials; clinical longevity relevance unproven",Mitochondrial dysfunction; Chronic inflammation,"Nakano et al. fatigue RCT — 20 mg/d x8wk improved fatigue/sleep [https://doi.org/10.31989/ffhd.v2i8.81] | MCI RCT 2024 — Raised serum BDNF, improved some cognitive markers [https://pubmed.ncbi.nlm.nih.gov/38908296/]",https://doi.org/10.31989/ffhd.v2i8.81 | https://pubmed.ncbi.nlm.nih.gov/38908296/
93,resveratrol,Resveratrol,botanical,Stilbenoid polyphenol,animal-other,46,45,32,80,49,C,Proposed indirect AMPK/SIRT1 activation; direct sirtuin activation now largely discredited,The flagship 'sirtuin activator' story collapsed (the SIRT1 assays were artifacts). It failed to extend lifespan in healthy mice (ITP) and has poor bioavailability; human RCTs are mixed/mostly null. A poster child of hype outrunning evidence.,None demonstrated in healthy mammals,"Many RCTs, mostly null; no convincing lifespan/hard-outcome data",Generally safe to ~1 g/day; GI upset; CYP inhibition (bleeding risk),150-500 mg/day,OTC supplement,otc,Poor bioavailability and debunked sirtuin mechanism; failed translation,Deregulated nutrient sensing; Mitochondrial dysfunction; Chronic inflammation,"Strong et al., ITP 2013 — No lifespan extension in healthy mice [https://pubmed.ncbi.nlm.nih.gov/22451473/]",https://pubmed.ncbi.nlm.nih.gov/22451473/
94,egcg-green-tea-catechins,EGCG (Green Tea Catechins),botanical,Flavan-3-ol polyphenol,human-rct-surrogate,50,52,35,58,49,C,"Antioxidant/metabolic signaling (Nrf2, NF-kB, AMPK); iron chelation","As concentrated extract, EGCG modestly improves some inflammatory/lipid markers, but the dominant clinical signal is dose-dependent HEPATOTOXICITY above ~800 mg/day. Whole-beverage green tea has far better safety and cohort data (separate entry).",Small lipid/oxidative improvements,"RCTs on biomarkers; safety, not efficacy, is the defining issue","Dose-dependent hepatotoxicity above ~800 mg/d; take with food, avoid fasted",<=300-400 mg/d EGCG (beverage-equivalent),Supplement (high-dose flagged by EFSA),otc,Hepatotoxicity at high doses; pro-oxidant at high concentrations,Chronic inflammation; Genomic instability; Cellular senescence,EFSA/COT statement — No hepatotoxicity below 800 mg/d EGCG; above that raises liver-injury markers [https://doi.org/10.2903/j.efsa.2018.5239],https://doi.org/10.2903/j.efsa.2018.5239
95,rhodiola-rosea,Rhodiola Rosea,botanical,Adaptogenic herb,human-rct-surrogate,46,48,28,76,49,C,"Monoaminergic modulation; anti-fatigue, antioxidant and redox-balancing effects","Moderate, outcome-specific evidence for fatigue, stress and mild endurance/cognitive benefits; reviews note positive but methodologically limited trials (small, heterogeneous, some industry-funded). Symptom/performance surrogates only.",Modest reductions in fatigue/stress; small ergogenic effects,Several small RCTs; quality limited; no longevity data,Generally well tolerated; occasional jitteriness/insomnia,200-600 mg/day standardized,Supplement / traditional medicine,otc,Trials small/heterogeneous; standardization varies widely,Altered intercellular communication; Mitochondrial dysfunction; Chronic inflammation,Fatigue systematic review — Positive but methodologically weak/heterogeneous trials [https://link.springer.com/article/10.1186/1472-6882-12-70],https://link.springer.com/article/10.1186/1472-6882-12-70
96,fisetin,Fisetin,senolytic,Flavonol (senolytic),animal-itp,48,30,50,70,48,C,Senolytic flavonoid that clears senescent cells; antioxidant/Nrf2 effects,"Strong preclinical credentials but a critical NEGATIVE ITP result: oral fisetin did not extend mouse lifespan in the rigorous NIA program. Human senolytic trials (AFFIRM) are ongoing/unpublished, so there is no positive human efficacy yet — popular hype outruns evidence.",Mixed in mice; NULL in the gold-standard ITP,No published positive human RCT (AFFIRM unpublished),"Generally safe, OTC; intermittent high doses in trials; long-term unknown","Trials ~20 mg/kg x2 days, intermittent; OTC 100-500 mg/day",Supplement; investigational senolytic,otc,The most rigorous animal test (ITP) was NEGATIVE; human efficacy unproven; poor bioavailability,Cellular senescence; Chronic inflammation; Altered intercellular communication,"Yousefzadeh et al., EBioMedicine 2018 — Most potent senolytic flavonoid; extended lifespan in progeroid/aged mice [https://www.sciencedirect.com/science/article/pii/S2352396418303736] | NIA ITP 2023 — Fisetin did NOT extend lifespan in genetically heterogeneous mice [https://doi.org/10.1007/s11357-023-01011-0]",https://www.sciencedirect.com/science/article/pii/S2352396418303736 | https://doi.org/10.1007/s11357-023-01011-0
97,gynostemma-pentaphyllum,Gynostemma (Jiaogulan),botanical,Adaptogenic herb (gypenosides),human-rct-surrogate,44,45,35,72,48,C,AMPK activation (gypenosides); improves mitochondrial respiration and lipid/glucose metabolism,"A plausible AMPK-activating botanical: a small crossover RCT showed increased muscle AMPK phosphorylation and improved mitochondrial function, and an Actiponin RCT showed anti-obesity effects. Trials small/short; no lifespan data.",Modest metabolic/performance and body-fat effects,A few small RCTs on metabolic surrogates; no longevity data,Generally well tolerated short term; mild GI,~450 mg/day standardized extract,Supplement / traditional tea,otc,"Small short trials (key AMPK RCT n=16, healthy untrained males only); variable gypenoside standardization",Deregulated nutrient sensing; Mitochondrial dysfunction; Chronic inflammation,AMPK RCT 2023 (n=16) — Raised post-exercise muscle AMPK and O2 flux; lowered glucose/leptin [https://pmc.ncbi.nlm.nih.gov/articles/PMC10675532/],https://pmc.ncbi.nlm.nih.gov/articles/PMC10675532/
98,gotu-kola-centella,Gotu Kola (Centella Asiatica),botanical,Triterpenoid-saponin herb,human-rct-surrogate,46,46,28,76,48,C,Stimulates collagen synthesis/wound healing; antioxidant; possible neurotrophic effects,"Strongest human data are for wound healing and venous insufficiency; for cognition the human evidence is weak (a meta-analysis failed to show benefit), with most neuroprotective signals from aged-mouse studies. No human longevity data.",Meaningful wound-healing/venous benefit; cognition unproven in humans,RCTs support wound/venous outcomes; cognitive/longevity benefit not established,Generally well tolerated; rare hepatotoxicity/dermatitis,60-120 mg/day triterpene fraction,Supplement / topical,otc,Cognitive/anti-aging claims rest largely on animal data,Altered intercellular communication; Chronic inflammation; Stem cell exhaustion,"Wound-healing review 2024 — Accelerates wound closure (diabetic ulcers/burns) [https://doi.org/10.3390/pharmaceutics16101252] | Cognition meta-analysis, Sci Rep 2017 — No clear cognitive benefit in humans [https://www.nature.com/articles/s41598-017-09823-9]",https://doi.org/10.3390/pharmaceutics16101252 | https://www.nature.com/articles/s41598-017-09823-9
99,hbot,Hyperbaric Oxygen Therapy,therapy,Hyperoxic-hypoxic conditioning,human-rct-surrogate,44,45,50,55,48,C,"Intermittent 100% O2 at pressure creates a hyperoxic-hypoxic paradox triggering HIF, angiogenesis and claimed senolysis/telomere effects","The Hachmo 2020 trial reported 60 HBOT sessions increased immune-cell telomere length >20% and reduced senescent T-cells, with related Tel Aviv trials reporting cognitive/biological-age changes. These are small (n=35), single-center, uncontrolled surrogate studies; HBOT is approved only for specific indications.","Telomere length +20-38% and senescent-cell reduction (surrogate, single-arm)","Small trials show biomarker changes; no RCT, no hard outcomes","Barotrauma, oxygen-toxicity seizures, reversible myopia; clinic-supervised","~60 daily sessions, ~90 min at ~2 ATA",FDA-approved for specific indications; anti-aging off-label,clinic-only,Telomere/senescence findings from one small uncontrolled study; needs RCT replication,Telomere attrition; Cellular senescence; Stem cell exhaustion,"Hachmo et al., Aging 2020 (n=35) — B-cell telomeres +37.6%, senescent T-helpers -37.3% [https://www.aging-us.com/article/202188/text]",https://www.aging-us.com/article/202188/text
100,cordyceps,Cordyceps,botanical,Medicinal fungus (cordycepin),human-rct-surrogate,42,44,32,74,47,C,Proposed improved oxygen utilization and mitochondrial ATP; cordycepin may activate AMPK,"Small RCTs suggest modest aerobic/exercise benefits (raised VO2max, time-to-exhaustion), often with multi-ingredient blends and short follow-up. Performance surrogates only; no longevity data.",Modest VO2max/endurance improvements with chronic dosing,A few small (often multi-ingredient) RCTs; no longevity data,Generally well tolerated; contamination risk in wild product,~1-3 g/day,Supplement / traditional medicine,otc,Most positive trials used multi-ingredient blends; species/quality vary,Mitochondrial dysfunction; Deregulated nutrient sensing; Chronic inflammation,Ergogenic review 2024 (5 trials) — Mushroom-blend VO2max +4.8 mL/kg/min after 3 weeks [https://pmc.ncbi.nlm.nih.gov/articles/PMC12986667/],https://pmc.ncbi.nlm.nih.gov/articles/PMC12986667/
101,reishi-ganoderma,Reishi (Ganoderma Lucidum),botanical,Medicinal mushroom (beta-glucans),human-rct-surrogate,42,44,30,72,46,C,Immunomodulation via beta-glucans (dectin-1/TLR-2); triterpene anti-inflammatory effects,"A Cochrane review concluded reishi should not be first-line cancer treatment but may have an adjunct immune role; a healthy-volunteer RCT showed increased T-cell subsets and NK activity. Limited, immune-surrogate data, often low-quality; no survival/longevity data.",Measurable immune-marker shifts; clinical benefit unproven,Limited RCTs on immune surrogates; no longevity data,Generally well tolerated; antiplatelet interaction; rare hepatotoxicity,~1.5-6 g/day extract,Supplement / traditional medicine,otc,Product quality highly inconsistent; evidence base small/low-quality,Chronic inflammation; Altered intercellular communication; Cellular senescence,"Jin et al., Cochrane 2016 — Insufficient for first-line cancer use; possible immune adjunct [https://www.cochranelibrary.com/cdsr/doi/10.1002/14651858.CD007731.pub3/full]",https://www.cochranelibrary.com/cdsr/doi/10.1002/14651858.CD007731.pub3/full
102,ghk-cu,GHK-Cu,hormone,Copper-binding tripeptide,human-rct-surrogate,48,48,28,60,46,C,"Plasma tripeptide (age-declining) that modulates wound-healing, antioxidant and tissue-remodeling genes","A naturally occurring human-plasma tripeptide that stimulates collagen and skin repair. Credible human evidence is dermatologic/topical (improved post-laser healing, skin appearance); no human data support injectable/systemic GHK-Cu for lifespan, and copper dosing carries toxicity concerns.",Real topical skin/wound-healing benefits; no systemic longevity evidence,Human evidence limited to topical/dermatologic use,Topical generally tolerated; systemic/injectable risks copper accumulation; gray-market purity unverified,Topical ~1-2 mg/mL (skincare),OTC cosmetic ingredient; injectable unapproved,otc,Genuine topical benefits do not translate to systemic anti-aging evidence; injectable use experimental,Altered intercellular communication; Chronic inflammation; Stem cell exhaustion,"Pickart & Margolina, IJMS 2018 — Shifts gene expression toward tissue repair/antioxidant programs [https://doi.org/10.3390/ijms19071987]",https://doi.org/10.3390/ijms19071987
103,astragalus-cycloastragenol-ta65,Astragalus / Cycloastragenol / TA-65,botanical,Triterpenoid saponin,human-rct-surrogate,44,42,35,60,45,C,Claimed transient telomerase (TERT) activation to slow telomere attrition,"The canonical 'plausible mechanism vs commercial hype' case: small sponsor-linked RCTs report telomere lengthening and fewer senescent T cells, but telomere length is a contested surrogate, products are costly, and telomerase reactivation carries a theoretical oncogenic concern.",Measurable telomere lengthening of uncertain clinical meaning,Small (often sponsor-linked) RCTs on surrogates; no hard outcomes,"No serious AEs in <=12-mo trials, but long-term cancer risk theoretically plausible",TA-65 250-1000 'units'/day,Costly proprietary supplement,otc,"Surrogate-only endpoints, small sponsor trials, high cost, theoretical oncogenic risk",Telomere attrition; Cellular senescence; Chronic inflammation,"Salvador et al., Rejuv Res 2016 (n=117) — TA-65 increased telomere length vs placebo loss [https://pubmed.ncbi.nlm.nih.gov/26950204/]",https://pubmed.ncbi.nlm.nih.gov/26950204/
104,low-dose-lithium,Low-dose Lithium,pharma,GSK-3b inhibitor / trace element,animal-other,42,35,45,60,44,C,"Inhibits GSK-3b, enhances autophagy and neurotrophic signaling; trace lithium may be a micronutrient","A patchwork: trace lithium in drinking water inversely correlates with mortality in a large Japanese cohort, it extends lifespan in worms/flies, and a major 2025 Nature study showed brain lithium depletion in Alzheimer's with lithium orotate reversing pathology in mice. Human longevity data are ecological only.",Worm/fly lifespan extension; human ecological mortality association,Ecological/observational only; no longevity RCT,Therapeutic doses risk thyroid/kidney toxicity (narrow window); microdose/orotate appear safer but unproven,~1-5 mg elemental/day (microdose interest),FDA-approved (bipolar); orotate OTC; experimental,otc,Human longevity evidence ecological/confounded; 2025 Alzheimer's findings preclinical,Disabled macroautophagy; Loss of proteostasis; Chronic inflammation,"Zarse et al., Eur J Nutr 2011 — Higher tap-water lithium associated with lower mortality; extends worm lifespan [https://doi.org/10.1007/s00394-011-0171-x] | Aron et al., Nature 2025 — Lithium depleted in Alzheimer's brains; lithium orotate reversed pathology in mice [https://doi.org/10.1038/s41586-025-09335-x]",https://doi.org/10.1007/s00394-011-0171-x | https://doi.org/10.1038/s41586-025-09335-x
105,thymus-regeneration,Thymus Regeneration (TRIIM),frontier,Immune rejuvenation,human-other,40,38,55,45,44,C,Growth hormone (with metformin/DHEA) regrows thymic tissue to restore naive T-cell output,"The TRIIM pilot (n=9 men) reported thymic regeneration on MRI and ~1.5-2.5 year epigenetic age reversal — but it was very small, uncontrolled and used a confounded multi-drug regimen with GH's known risks. The expanded TRIIM-X trial is ongoing.","~1.5-2.5y epigenetic age reduction (tiny, uncontrolled pilot)",One small uncontrolled pilot; TRIIM-X ongoing,"GH risks: insulin resistance, oedema, carpal tunnel, theoretical cancer risk","GH + DHEA + metformin, ~1 year",Experimental,experimental,"n=9, no control, multi-drug confound; needs controlled replication",Stem cell exhaustion; Epigenetic alterations; Chronic inflammation,"Fahy et al., Aging Cell 2019 (TRIIM) — n=9: thymic regrowth, ~2.5y epigenetic age reversal (uncontrolled) [https://onlinelibrary.wiley.com/doi/10.1111/acel.13028]",https://onlinelibrary.wiley.com/doi/10.1111/acel.13028
106,growth-hormone,Growth Hormone (HGH),hormone,GH-IGF-1 axis agonist,human-rct-surrogate,60,55,15,38,44,C,"Activates GH receptor and raises IGF-1; anabolic but drives pro-growth, pro-aging nutrient-sensing signaling","A cautionary tale: GH raises lean mass (Rudman 1990) but later RCTs found high rates of oedema, arthralgia, carpal tunnel and insulin resistance with NO functional benefit. The longevity literature points the OTHER way — low IGF-1 predicts human longevity, and GH excess (acromegaly) shortens lifespan. Supraphysiologic GH for anti-aging is biologically backwards.",Surrogate body-composition change with harms; mechanistically pro-aging,RCTs show surrogate change with harms; observational data favor LOW GH/IGF-1,"Oedema, arthralgia, carpal tunnel, insulin resistance/diabetes; cancer concern; illegal for anti-aging in US",Not endorsed; approved only for GH deficiency,FDA-approved (GH deficiency); anti-aging use illegal in US,rx,"One of the clearest cautionary tales: surrogate gains, real harms, mechanism opposing longevity",Deregulated nutrient sensing; Stem cell exhaustion; Genomic instability,"Rudman et al., NEJM 1990 — +8.8% lean mass but later shown lacking functional benefit, with harms [https://doi.org/10.1056/NEJM199007053230101] | Milman et al., Aging Cell 2014 — Low IGF-1 predicts longer survival [https://pubmed.ncbi.nlm.nih.gov/24618355/]",https://doi.org/10.1056/NEJM199007053230101 | https://pubmed.ncbi.nlm.nih.gov/24618355/
107,17-alpha-estradiol,17a-Estradiol,pharma,Non-feminizing estrogen,animal-itp,60,12,55,50,43,D,Non-feminizing estrogen improving insulin sensitivity and reducing hypothalamic inflammation; effect depends on testicular hormones,"A reproducible male-specific ITP geroprotector that extends male (not female) mouse lifespan even when started in mid-late life, via improved metabolic health. No human trials at all.",+19% male median lifespan (mice; ITP site range ~9-26%),No human longevity data,Largely non-feminizing but reduces male fertility signaling in mice; human systemic safety unknown,No human protocol,Not FDA-approved (systemic); experimental,experimental,"Male-only, mechanism tied to male hormones; no human data; not the same as conventional 17b-estradiol",Deregulated nutrient sensing; Chronic inflammation; Altered intercellular communication,"Strong et al., Aging Cell 2016 (ITP) — +19% male median lifespan (across-site range ~9-26%); no female effect [https://doi.org/10.1111/acel.12496] | Garratt et al., Aging Cell 2018 — Benefit abolished by castration — depends on male hormones [https://doi.org/10.1111/acel.12786]",https://doi.org/10.1111/acel.12496 | https://doi.org/10.1111/acel.12786
108,pterostilbene,Pterostilbene,botanical,Dimethylated stilbenoid,human-rct-surrogate,40,40,30,65,43,D,Better-absorbed resveratrol analog; proposed AMPK/SIRT and antioxidant signaling,"Pharmacokinetically superior to resveratrol, but human RCT data are thin and the key clinical finding is a SAFETY concern: monotherapy raised LDL cholesterol (~17 mg/dL), prompting a major supplier to halt orders.",Modest BP reduction; clinically meaningful LDL increase,Few RCTs; main robust finding is an adverse LDL signal,Raises LDL cholesterol; long-term CV implications unclear,50-250 mg/day,OTC supplement,otc,LDL-raising effect is the standout caveat; longevity benefit unproven,Deregulated nutrient sensing; Chronic inflammation; Mitochondrial dysfunction,"Riche et al., 2014 RCT — Lowered BP but raised LDL ~17 mg/dL [https://pubmed.ncbi.nlm.nih.gov/25057276/]",https://pubmed.ncbi.nlm.nih.gov/25057276/
109,partial-reprogramming-osk,Partial Cellular Reprogramming,frontier,Epigenetic reprogramming gene therapy,animal-other,38,12,92,28,41,D,Transient expression of reprogramming factors (OSK) resets the epigenetic age of cells without erasing identity,"The most exciting frontier idea: in mice, partial reprogramming restored vision after optic-nerve injury and AAV-delivered OSK extended remaining lifespan ~109% in very old mice. Human work just began — Life Biosciences' ER-100 (eye) dosed its first patient in June 2026 — so systemic-aging benefit is unproven and cancer risk is the central concern.",Mouse: large lifespan/function effects; no human efficacy data,"First human dosing (eye, Phase 1) 2026; no lifespan/healthspan evidence",Major theoretical risk of teratoma/cancer; only entering human safety testing,Experimental (gene-therapy delivery),Preclinical for systemic aging; first localized human trial 2026,experimental,Spectacular mouse results but human evidence is first-in-human and eye-localized; systemic safety unresolved,Epigenetic alterations; Genomic instability; Stem cell exhaustion,"Lu/Sinclair et al., Nature 2020 — OSK restored vision and reversed epigenetic age in mice [https://www.nature.com/articles/s41586-020-2975-4] | Rejuvenate Bio, Cell Reprogram 2024 — AAV-OSK extended remaining lifespan ~109% in old mice [https://doi.org/10.1089/cell.2023.0072]",https://www.nature.com/articles/s41586-020-2975-4 | https://doi.org/10.1089/cell.2023.0072
110,oxytocin,Oxytocin,hormone,Nonapeptide hormone,animal-other,36,30,45,60,41,D,Hypothalamic hormone that (beyond social roles) supports muscle stem-cell activation and tissue regeneration; declines with age,An established human hormone with a regenerative role: in mice it is required for muscle maintenance and an oxytocin + TGF-b-inhibitor combination extended lifespan in old frail males. Human longevity data are minimal (a small intranasal study raised lean mass); no lifespan RCT.,Muscle-regenerative/anti-frailty effects in mice; small human lean-mass signal,Long clinical-use safety record; anti-aging evidence preliminary/small,Intranasal/low-dose generally tolerated; high-dose IV can cause hyponatraemia,Intranasal ~24 IU (research),Approved (obstetric/lactation); anti-aging off-label,rx,"Intriguing regenerative biology, but anti-aging benefit rests on one small study plus mouse data",Stem cell exhaustion; Altered intercellular communication; Chronic inflammation,"Elabd et al., Nat Commun 2014 — Restored aged muscle stem-cell activation in mice [https://doi.org/10.1038/ncomms5082]",https://doi.org/10.1038/ncomms5082
111,apigenin,Apigenin,nad,Flavone (CD38 inhibitor),animal-other,36,18,35,75,39,D,"Inhibits CD38, the main NAD+-consuming enzyme, indirectly preserving NAD+","A credible natural CD38 inhibitor that raises NAD+ and improves metabolic markers in rodents, but essentially no human trial measures NAD+ change with oral apigenin; the cited 'biological age' drop came from a multi-ingredient protocol. Poor oral bioavailability.",Raises NAD+/metabolic markers in rodents; isolated human effect unquantified,No standalone human NAD+/aging RCT,Generally safe dietary flavone; CYP interactions unclear,~50 mg/day (no evidence-based dose),Supplement,otc,Human NAD+ evidence for isolated apigenin essentially absent; popular on mechanistic grounds,Deregulated nutrient sensing; Mitochondrial dysfunction; Chronic inflammation,"Escande et al., Diabetes 2013 — Potent natural CD38 inhibitor; raised NAD+ in obese mice [https://doi.org/10.2337/db12-1139]",https://doi.org/10.2337/db12-1139
112,thymalin,Thymalin,hormone,Thymic peptide complex,human-other,34,30,45,50,39,D,Proposed to restore thymic/T-cell function and immune homeostasis ('peptide bioregulation'),"Best known from Khavinson's Russian gerontology program reporting a ~2-fold mortality reduction in the elderly — but this is single-institute, open-label, non-blinded and never independently replicated in the West, so the dramatic figures are provocative but unverified.",Reported large mortality reductions in one program; not credible without replication,Single-institute open-label data only; no Western RCT; LOW quality,Reported well tolerated; gray-market product purity unverified,"10 mg IM daily for 5-10 days, repeated",Used in Russia; not FDA-approved,experimental,"Headline mortality reductions rest entirely on unreplicated, non-blinded single-center data",Altered intercellular communication; Chronic inflammation; Stem cell exhaustion,"Khavinson & Morozov, Neuro Endocrinol Lett 2003 — Reported ~2x mortality reduction (open-label, single-center) [https://pubmed.ncbi.nlm.nih.gov/14523363/]",https://pubmed.ncbi.nlm.nih.gov/14523363/
113,pregnenolone,Pregnenolone,hormone,Neurosteroid / steroid precursor,human-rct-surrogate,38,35,25,60,39,D,Upstream precursor to all steroid hormones; neurosteroid modulating NMDA/GABA-A receptors,"The upstream precursor of DHEA and sex steroids; levels decline with age, fueling supplement marketing. A proof-of-concept RCT in schizophrenia (Marx 2009) found pregnenolone reduced negative symptoms with some cognitive correlation, but there is no evidence of cognitive or healthspan benefit in healthy older adults, where controlled trials are scarce.",Memory effects in aged rodents; no demonstrated human cognitive/longevity benefit,"Sparse, largely negative RCTs; no longevity data",Limited safety data; unpredictable conversion to androgens/estrogens/cortisol,5-50 mg/day (supplement),OTC supplement; not approved for any indication,otc,Marketed on animal data/mechanism; human evidence thin and mostly null,Altered intercellular communication,"Marx et al., Neuropsychopharmacology 2009 — Reduced negative symptoms in schizophrenia with cognitive correlation (disease population, not healthy aging) [https://doi.org/10.1038/npp.2009.26]",https://doi.org/10.1038/npp.2009.26
114,procyanidin-c1,Procyanidin C1 (PCC1),senolytic,Proanthocyanidin,animal-other,36,12,55,60,38,D,Suppresses SASP at low dose; senolytic at higher dose via ROS/mitochondrial stress,"A 2021 Nature Metabolism study reported strong single-lab mouse data — fortnightly dosing in very old mice extended remaining median lifespan ~64%. Not yet ITP-validated or tested in humans, and bioavailability of this large polyphenol is uncertain.",Large effect on remaining lifespan in one mouse study; no human data,None,Grape-seed proanthocyanidins generally safe as foods; isolated PCC1 not characterized,No human protocol,Experimental; grape-seed extracts OTC,experimental,"Single-lab mouse result now under a 2026 Editorial Expression of Concern (image-reuse, raw data unavailable); not ITP-validated or human-tested; OTC extracts aren't purified PCC1",Cellular senescence; Altered intercellular communication; Mitochondrial dysfunction,"Xu et al., Nat Metabolism 2021 — Biweekly PCC1 in old mice extended remaining median lifespan ~64% [https://www.nature.com/articles/s42255-021-00491-8]",https://www.nature.com/articles/s42255-021-00491-8
115,nadh,NADH Supplement,nad,Reduced NAD coenzyme (oral),human-rct-surrogate,32,30,28,70,38,D,Supplies reduced NADH to support mitochondrial ATP; oral stability/absorption limited,"Older, small, low-quality RCTs in chronic fatigue and open-label Parkinson's work with weak, inconsistent results; largely outside the modern NAD+ mainstream and of doubtful oral bioavailability.",Weak/inconsistent symptomatic signals; no aging data,"A few small, mostly old, low-quality studies",Well tolerated; mild headache/GI,5-20 mg/day,Supplement,otc,"Dated, low-quality evidence and questionable oral bioavailability",Mitochondrial dysfunction; Deregulated nutrient sensing,"Forsyth et al., 1999 — Small CFS crossover suggested symptomatic benefit (preliminary) [https://pubmed.ncbi.nlm.nih.gov/10071523/]",https://pubmed.ncbi.nlm.nih.gov/10071523/
116,klotho-therapy,Klotho Gene/Protein Therapy,frontier,Longevity-protein/gene therapy,animal-other,38,18,60,40,38,D,Restoring the age-declining longevity protein klotho enhances synaptic plasticity and resilience,"A genuine circulating longevity protein: overexpression extends mouse lifespan, and a 2023 study showed a single low-dose injection improved memory in aged rhesus macaques. Supported by human genetics (KL-VS carriers), but no completed human therapeutic trials; the low-dose-only response complicates translation.",Mouse lifespan + primate cognition; human effect of administration untested,Biomarker/genetic associations; no completed interventional trials,No human safety dataset; affects phosphate/FGF23 axis; non-linear dose-response,Experimental (single low dose in primates),Preclinical; early development,experimental,Strong animal/genetic case but unproven and untested as a human therapy; hormetic dosing adds uncertainty,Altered intercellular communication; Stem cell exhaustion; Chronic inflammation,"Castner et al., Nature Aging 2023 — Single low-dose klotho enhanced memory in aged macaques [https://www.nature.com/articles/s43587-023-00441-x] | Kurosu et al., Science 2005 — Klotho overexpression extends mouse lifespan [https://pubmed.ncbi.nlm.nih.gov/16123266/]",https://www.nature.com/articles/s43587-023-00441-x | https://pubmed.ncbi.nlm.nih.gov/16123266/
117,heterochronic-fmt,Fecal Microbiota Transplant (Heterochronic),frontier,Microbiome transfer therapy,animal-other,34,25,50,50,38,D,Transferring young/healthy gut microbiota aims to reverse age-related dysbiosis and reduce systemic inflammation,"In mice, young-to-aged FMT reverses gut/eye/brain aging hallmarks and improves cognition. Human aging evidence is essentially absent (FMT is approved only for recurrent C. difficile); applying it for longevity is preclinical, with documented infection risks.",Mouse: reversal of gut/brain aging markers; no human aging effect shown,FMT proven for C. difficile only; no controlled aging data,Infection transmission risk (incl. fatal cases); requires rigorous donor screening,Experimental for aging,Approved only for recurrent C. difficile,experimental,Striking mouse rejuvenation but no human aging evidence; real infection risk,Dysbiosis; Chronic inflammation; Altered intercellular communication,"Parker et al., Microbiome 2022 — Young-to-aged FMT reversed gut/brain aging markers in mice [https://doi.org/10.1186/s40168-022-01243-w]",https://doi.org/10.1186/s40168-022-01243-w
118,rilmenidine,Rilmenidine,pharma,I1-imidazoline agonist (antihypertensive),animal-other,38,12,45,60,37,D,"Engages nischarin/I1-imidazoline receptor, mimicking caloric restriction and inducing autophagy",An emerging CR-mimetic that extends lifespan/healthspan in C. elegans (even started late) and produces CR-like transcriptional changes in mouse liver/kidney. No mammalian lifespan study and no human longevity data; it is a well-tolerated antihypertensive.,Lifespan extension in C. elegans; CR-like mouse signatures,No human longevity data,Well tolerated as antihypertensive; longevity-use safety unknown,1 mg/day (antihypertensive),Approved antihypertensive (EU/Asia); experimental,experimental,Evidence is worm lifespan + mouse surrogates only; no mammalian lifespan data,Deregulated nutrient sensing; Disabled macroautophagy; Loss of proteostasis,"Bennett et al., Aging Cell 2023 — Extended worm lifespan via nischarin/autophagy; CR-like mouse transcriptome [https://doi.org/10.1111/acel.13774]",https://doi.org/10.1111/acel.13774
119,humanin,Humanin,hormone,Mitochondrial-derived peptide,human-cohort,38,25,45,45,37,D,"Cytoprotective peptide modulating apoptosis, IGF-1/IGFBP signaling and metabolic stress responses",A longevity-associated biomarker: circulating levels generally decline with age but are higher in centenarians and their offspring. Causal data are preclinical (overexpression extends C. elegans lifespan); no human interventional trials and no evidence that giving humanin extends human healthspan.,Higher endogenous levels associate with longevity; exogenous benefit unproven,Observational/biomarker data only; no interventional trials,No human dosing/safety dataset,No validated human dose,Research compound; not approved,experimental,"Compelling longevity-associated biomarker, but therapeutic value in humans unestablished",Mitochondrial dysfunction; Altered intercellular communication; Deregulated nutrient sensing,"Yen et al., Aging 2020 — Centenarians have higher humanin; overexpression extends worm lifespan [https://www.aging-us.com/article/103534/text]",https://www.aging-us.com/article/103534/text
120,navitoclax,Navitoclax (ABT-263),senolytic,BCL-2/BCL-xL inhibitor,animal-other,44,15,55,32,36,D,BH3-mimetic that triggers apoptosis of senescent cells via BCL-2 family inhibition,"A potent senolytic in mice (rejuvenates aged stem cells, aids wound healing), but development for aging is blocked by on-target toxicity — BCL-xL inhibition kills platelets, causing severe thrombocytopenia. Studied clinically only in oncology.",Strong senolytic in mice; no anti-aging human data,Oncology only; toxicity precludes longevity use,"Dose-limiting thrombocytopenia, neutropenia, bone loss",Oncology dosing only,Investigational oncology agent,experimental,On-target platelet toxicity makes systemic anti-aging use impractical,Cellular senescence; Chronic inflammation; Stem cell exhaustion,"Chang et al., Nat Med 2016 — Selectively killed senescent cells, rejuvenated aged stem cells in mice [https://doi.org/10.1038/nm.4010]",https://doi.org/10.1038/nm.4010
121,young-plasma-transfusion,Young Plasma Transfusion,therapy,Heterochronic blood-factor transfer,animal-other,36,20,50,45,36,D,Infusing young-donor plasma aims to deliver pro-youthful circulating factors (parabiosis-inspired),"Heterochronic parabiosis rejuvenates tissues in mice, but human evidence is weak: the Ambrosia trial was uncontrolled and pay-to-participate, drawing an FDA warning. Many researchers think DILUTION (removing old factors) explains the effect better than adding young factors.",Robust rejuvenation in mice; no demonstrated human healthspan effect,"Minimal, largely uncontrolled; FDA-flagged","Transfusion risks (allergic reactions, TRALI, infection, overload); FDA cautioned against commercial use",No validated protocol,Not approved for aging; FDA warning,experimental,Human benefit unproven and possibly attributable to dilution; commercial offerings unregulated,Altered intercellular communication; Stem cell exhaustion; Chronic inflammation,"Conboy et al., Nature 2005 — Parabiosis rejuvenates aged stem-cell function in mice [https://pubmed.ncbi.nlm.nih.gov/15716955/] | FDA 2019 — Warned against young-plasma anti-aging infusions [https://www.fda.gov/news-events/press-announcements/statement-fda-commissioner-scott-gottlieb-md-and-director-fdas-center-biologics-evaluation-and-0]",https://pubmed.ncbi.nlm.nih.gov/15716955/ | https://www.fda.gov/news-events/press-announcements/statement-fda-commissioner-scott-gottlieb-md-and-director-fdas-center-biologics-evaluation-and-0
122,telomerase-gene-therapy,Telomerase Gene Therapy (TERT),frontier,Telomere-extending gene therapy,animal-other,34,10,70,32,35,D,"AAV delivery of telomerase (TERT) re-extends telomeres, delaying replicative senescence","The Blasco-lab study showed AAV9-Tert in adult/old mice extended median lifespan 24%/13% without increasing cancer. Robust mouse evidence, but no rigorous human trials — human use is limited to unregulated self-experiments. Cancer risk remains the key concern.",Mouse: +13-24% median lifespan; no validated human effect,No controlled human trials; only anecdotal self-experiments,Principal concern is cancer (telomerase reactivation); AAV immunogenicity,Experimental (single systemic AAV),Preclinical; no approved product,experimental,Strong mouse data but zero rigorous human evidence; oncogenic potential unresolved,Telomere attrition; Cellular senescence; Genomic instability,"Bernardes de Jesus et al., EMBO Mol Med 2012 — +24% (1yr) / +13% (2yr) median mouse lifespan, no excess cancer [https://doi.org/10.1002/emmm.201200245]",https://doi.org/10.1002/emmm.201200245
123,mitochondrial-transplantation,Mitochondrial Transplantation,frontier,Organelle transplantation,animal-other,32,22,45,45,35,D,Isolated healthy mitochondria are delivered into damaged tissue to restore bioenergetics,Strong preclinical data show transplanted mitochondria reduce infarct size in ischemia models; limited human use is single-arm autologous transplantation in pediatric cardiac patients. No controlled aging evidence; the aging application is hypothetical.,Animal: reduced infarct size; human: small uncontrolled cardiac use,Small single-arm ischemia use; no aging trials,"Early-stage; immunogenicity, delivery and durability are open questions",Experimental (injected at reperfusion),Early-clinical for ischemia; aging use conceptual,experimental,Human evidence tiny and disease-specific; longevity application speculative,Mitochondrial dysfunction,"McCully et al., review 2021 — Reduced myocardial necrosis; small pediatric cardiac use",https://www.ncbi.nlm.nih.gov/pmc/articles/PMC8130169/
124,minocycline,Minocycline,pharma,Tetracycline antibiotic,animal-other,36,12,38,55,34,D,"Attenuates cytoplasmic translation of aggregation-prone proteins, improving proteostasis; anti-inflammatory","A proteostasis-targeting geroprotector that extended C. elegans lifespan and uniquely worked even in OLD worms (where most compounds fail). No mammalian lifespan or human longevity trial, and chronic antibiotic use raises resistance/microbiome concerns.",Lifespan extension in C. elegans (incl. late-life),No human longevity data,"Dizziness, photosensitivity, pigmentation, rare drug-induced lupus; chronic use disrupts microbiome",100-200 mg/day (antibiotic),FDA-approved (antibiotic); experimental,rx,Worm-only lifespan data; antibiotic resistance/microbiome harm limit chronic use,Loss of proteostasis; Chronic inflammation,"Solis et al., eLife 2018 — Extended worm lifespan even started late; of 21 compounds, only minocycline worked in old worms [https://doi.org/10.7554/eLife.40314]",https://doi.org/10.7554/eLife.40314
125,senolytic-vaccine,Senolytic Vaccine,frontier,Immunotherapy vs senescent cells,animal-other,40,8,60,35,34,D,Vaccination against a senescent-cell antigen (GPNMB) directs the immune system to clear senescent cells,"A 2021 study showed an anti-GPNMB vaccine cleared senescent cells, reduced atherosclerotic plaque, and extended lifespan in progeroid mice. Entirely in mice; a human vaccine is in development with autoimmunity as a key theoretical risk.","Mouse: reduced senescence/plaque, extended progeroid lifespan; no human data",No human trials yet,Theoretical autoimmunity (GPNMB not senescence-exclusive); untested in humans,Experimental (peptide vaccine in mice),Preclinical; human development underway,experimental,Entirely preclinical; antigen specificity/autoimmune risk must be resolved,Cellular senescence; Chronic inflammation; Altered intercellular communication,"Suda/Minamino, Nature Aging 2021 — Vaccine reduced senescence/plaque, extended progeroid mouse lifespan [https://www.nature.com/articles/s43587-021-00151-2]",https://www.nature.com/articles/s43587-021-00151-2
126,nk-cell-rejuvenation,NK / Immune Cell Rejuvenation,frontier,Adoptive immune-cell therapy,mechanistic,24,20,50,50,34,D,Expanded/engineered NK cells are infused to eliminate senescent cells and restore immune surveillance,"NK cells naturally clear senescent cells, supporting adoptive NK therapy as 'senotherapy'. Evidence for the aging application is mechanistic/early proof-of-concept; NK therapy is clinically advanced in oncology, but no controlled trials show anti-aging benefit.",Preclinical senescent-cell clearance; no demonstrated human aging effect,Proven in oncology; aging use mechanistic/early only,Oncology NK therapy generally tolerable; aging-specific safety untested,Experimental for aging,Established in cancer; anti-aging preclinical,experimental,No controlled human aging evidence; benefit inferred from senescent-cell biology,Cellular senescence; Altered intercellular communication; Chronic inflammation,Immunity & Ageing 2024 review — Frames adoptive NK therapy as senescent-cell-clearing senotherapy [https://immunityageing.biomedcentral.com/articles/10.1186/s12979-024-00451-2],https://immunityageing.biomedcentral.com/articles/10.1186/s12979-024-00451-2
127,nad-iv,NAD+ IV Therapy,nad,IV NAD+,human-cohort,28,25,28,55,33,D,"Infuses NAD+ directly, though it is largely degraded to precursors before cellular uptake","Despite aggressive clinic marketing, controlled efficacy evidence for IV NAD+ in aging is essentially absent — systematic reviews find no eligible outcome trials. Tolerable short-term but benefits are anecdotal; expensive and clinic-administered.",Unproven; no controlled outcome data,Only small tolerability/PK studies,"Infusion reactions (flushing, nausea, chest discomfort) if fast; unregulated clinic quality",~250-1000 mg per slow infusion,Off-label wellness service,clinic-only,"High-cost, heavily-hyped with no controlled efficacy evidence and questionable bioavailability",Deregulated nutrient sensing; Mitochondrial dysfunction; Altered intercellular communication,Systematic review 2026 — No eligible outcome trials of IV/IM NAD+ for anti-aging [https://www.sciencedirect.com/science/article/pii/S1568163726000498],https://www.sciencedirect.com/science/article/pii/S1568163726000498
128,exosome-therapy,Exosome Therapy,frontier,Cell-derived nanovesicle therapy,human-other,30,30,32,45,33,D,MSC-derived exosomes deliver regenerative miRNA/protein cargo to modulate inflammation and repair,"Preclinical and early human data suggest possible benefit for skin/hair, but human evidence is limited to small heterogeneous cosmetic studies. No exosome product is FDA-approved, the FDA has warned against marketed products, and manufacturing/standardization is unsolved.",Possible modest dermatologic benefit; systemic/aging effects unproven,Only small cosmetic studies; no rigorous systemic aging evidence,Unregulated products risk contamination/infection; FDA-flagged,No standardized dose,Not FDA-approved; widely sold illegitimately,experimental,"Manufacturing unstandardized, market largely unregulated; systemic anti-aging claims unsupported",Altered intercellular communication; Chronic inflammation; Mitochondrial dysfunction,Systematic review 2025 — Preliminary dermatologic benefit; small/heterogeneous studies [https://www.ncbi.nlm.nih.gov/pmc/articles/PMC12736761/] | FDA warnings 2024-25 — Exosome products deemed unapproved [https://www.fda.gov/vaccines-blood-biologics/consumers-biologics/consumer-alert-regenerative-medicine-products-including-stem-cells-and-exosomes],https://www.ncbi.nlm.nih.gov/pmc/articles/PMC12736761/ | https://www.fda.gov/vaccines-blood-biologics/consumers-biologics/consumer-alert-regenerative-medicine-products-including-stem-cells-and-exosomes
129,mots-c,MOTS-c,hormone,Mitochondrial-derived peptide,animal-other,36,12,48,40,33,D,Exercise/stress-induced peptide acting via AMPK; regulates metabolic stress-response genes,An endogenous mitochondrial peptide that rises with exercise and declines with age; in mice late-life intermittent dosing improves physical capacity and healthspan. Essentially no controlled human efficacy trials and no human lifespan data; all human relevance is extrapolated.,Robust metabolic/healthspan 'exercise-mimetic' effects in mice; human effect unknown,No controlled human efficacy trials,No human safety dataset; gray-market injectable purity unknown,No validated human dose,Research compound; not approved,experimental,Promising mouse biology does not equal proven human benefit; sold ahead of evidence,Mitochondrial dysfunction; Deregulated nutrient sensing; Altered intercellular communication,"Reynolds et al., Nat Commun 2021 — Late-life MOTS-c increased physical capacity/healthspan in mice [https://doi.org/10.1038/s41467-020-20790-0]",https://doi.org/10.1038/s41467-020-20790-0
130,grounding-earthing,Grounding / Earthing,therapy,Electrophysiological contact (unproven),mechanistic,22,25,20,70,32,D,Hypothesized transfer of Earth's electrons via skin contact to reduce inflammation (mechanism unestablished),"A few low-quality studies report sleep/pain/inflammation improvements, but the field is dominated by tiny samples, poor blinding and commercial conflicts. Mainstream reviewers consider the evidence too weak to support health claims; no rigorous replication.",Claimed sleep/pain/inflammation benefits; not reliably demonstrated,Small low-quality studies; effect likely placebo,Low physical risk; main risk is overhyped claims/opportunity cost,Skin contact with ground / grounding products,Marketed wellness product; not medically recognized,otc,"Weakest evidence base in this set; claims rest on poor-quality, conflicted studies",Chronic inflammation,"Cleveland Clinic review 2022 — Evidence sparse, low-quality, insufficient to recommend [https://health.clevelandclinic.org/earthing]",https://health.clevelandclinic.org/earthing
131,follistatin-gene-therapy,Follistatin Gene Therapy,frontier,Myostatin-pathway gene therapy,animal-other,28,18,45,38,31,D,"Delivering follistatin inhibits myostatin/activin signaling, increasing muscle and reducing fat","Follistatin overexpression robustly increases muscle mass in animals. Human evidence is very weak — Minicircle's plasmid trial reports small, unpublished, offshore, self-pay results; no controlled efficacy or longevity data.",Mouse: large muscle gains; human: small company-reported changes,"Only an unregulated, unpublished offshore study",Reported mild LDL increase; off-target risks of chronic myostatin inhibition unknown; gene-therapy risks,"Offshore plasmid (~$25,000)",Not approved; unregulated clinics,experimental,"Human data unpublished, uncontrolled and commercially conflicted; longevity benefit speculative",Stem cell exhaustion; Deregulated nutrient sensing; Altered intercellular communication,"Minicircle trial (company-reported) — ~2 lb fat-free mass gain, minor LDL rise (unpublished) [https://clinicaltrials.gov/study/NCT06411366]",https://clinicaltrials.gov/study/NCT06411366
132,epitalon,Epitalon,hormone,Synthetic pineal tetrapeptide,in-vitro,26,15,40,45,30,D,Claimed telomerase activation and normalized melatonin/circadian function,"Cell-culture work reports telomerase activation and rodent studies report lifespan effects, but human evidence is limited to small open-label/case series and the unreplicated Russian mortality program. Telomerase activation also carries a theoretical cancer concern.",In-vitro telomerase/telomere effects and rodent claims; human longevity unproven,Only small open-label case series; very LOW quality,Reported well tolerated; long-term unknown; theoretical oncogenic concern; gray-market purity,5-10 mg/day SC in short courses,Not approved; unregulated peptide,experimental,Heavily marketed 'telomere' peptide whose human evidence is essentially anecdotal/Russian-only,Telomere attrition; Epigenetic alterations; Altered intercellular communication,"Khavinson et al., Bull Exp Biol Med 2003 — Activated telomerase, extended fibroblast replicative capacity in vitro [https://pubmed.ncbi.nlm.nih.gov/12937682/]",https://pubmed.ncbi.nlm.nih.gov/12937682/
133,foxo4-dri,FOXO4-DRI peptide,senolytic,Interfering peptide,animal-other,28,8,45,30,27,D,"Disrupts FOXO4-p53 binding, triggering apoptosis selectively in senescent cells","Based largely on a single 2017 paper showing senescent-cell clearance and partial restoration of function in aged/progeroid mice. No human trials, limited independent in-vivo replication, yet heavily marketed in the gray-market peptide space.",Mouse healthspan signals from limited studies; no human effect,None; no registered trials,Unknown in humans; unregulated peptide purity concerns,No validated human dose,Experimental; gray-market peptide,experimental,Rests on one 2017 study; sold to consumers far ahead of human evidence,Cellular senescence; Genomic instability; Altered intercellular communication,"Baar et al., Cell 2017 — Cleared senescent cells, restored fur/renal function in aged mice [https://www.cell.com/cell/fulltext/S0092-8674(17)30293-3]",https://www.cell.com/cell/fulltext/S0092-8674(17)30293-3
134,bpc-157,BPC-157,hormone,Synthetic pentadecapeptide,animal-other,28,12,35,38,27,D,Proposed pro-angiogenic/cytoprotective effects (VEGFR2/NO) promoting tendon/gut/tissue healing,"Extensive rodent literature suggests accelerated tendon/gut healing, but the human evidence base is essentially absent — no completed published RCTs. The FDA placed BPC-157 on its 503A Category 2 (significant-risk) list in 2023, then removed it in April 2026 pending an advisory-committee review (still NOT FDA-approved); its pro-angiogenic mechanism raises a theoretical tumor concern.",Robust tissue-healing in rodents; no established human efficacy,No published human RCTs; widespread off-label/gray-market use,"No adequate human safety data; FDA-flagged over impurity/immunogenicity (Category 2 2023-26, since de-listed but still unapproved); theoretical cancer concern",Self-administered ~250-500 mcg/day (unvalidated),Not approved; FDA 'do not compound' Category 2,experimental,Popular 'healing peptide' with NO human trial evidence and explicit FDA safety concerns,Altered intercellular communication; Chronic inflammation,"Sikiric et al. (rodent studies) — Accelerated tendon/muscle/GI healing in rats | FDA 503A bulk-substances list — Category 2 (significant safety risk) 2023; removed April 2026 pending review, still not approved [https://www.fda.gov/drugs/human-drug-compounding/certain-bulk-drug-substances-use-compounding-may-present-significant-safety-risks]",https://www.fda.gov/drugs/human-drug-compounding/certain-bulk-drug-substances-use-compounding-may-present-significant-safety-risks
135,piperlongumine,Piperlongumine,senolytic,Natural alkaloid (long pepper),in-vitro,24,8,40,40,26,D,"Degrades OXR1 selectively in senescent cells, raising ROS to trigger apoptosis",Senolytic activity is established essentially only in cell culture; no lifespan or controlled human studies. Most interest is mechanistic and as a scaffold for analogs.,In-vitro senolysis; no in-vivo healthspan data,No human aging data,"Limited human safety data; reactive scaffold (its senolysis is ROS-independent, though piperlongumine is pro-oxidant in cancer settings)",No established protocol,Research compound,experimental,"In-vitro only; unproven safety, no lifespan data",Cellular senescence; Mitochondrial dysfunction,"Wang et al., Aging (Albany NY) 2016 — Identified piperlongumine as a senolytic; killed senescent fibroblasts in vitro via ROS-independent apoptosis [https://pubmed.ncbi.nlm.nih.gov/27913811/]",https://pubmed.ncbi.nlm.nih.gov/27913811/